4/29/09,3.51,11537950,3.4,3.56,3.38
4/30/09,3.61,18193730,3.55,3.73,3.53
5/1/09,3.82,16233940,3.55,3.9,3.55
5/4/09,4.26,21236940,3.9,4.3,3.83
5/5/09,4.32,16369170,4.36,4.39,4.11
5/6/09,4.31,15075630,4.45,4.45,4.12
5/7/09,4.01,23369680,4.22,4.35,3.91
5/8/09,3.93,14316080,4.12,4.15,3.84
5/11/09,4.22,25214610,3.9,4.37,3.87
5/12/09,4.35,29715910,4.41,4.5,4.13
5/13/09,4.38,35462450,4.36,4.67,4.33
5/14/09,4.24,33845500,4.35,4.57,4.07
5/15/09,4.01,30087120,4.26,4.37,3.93
5/18/09,4.14,19644630,4.19,4.25,4.06
5/19/09,4.39,22936030,4.3,4.5,4.24
5/20/09,4.5,25208560,4.57,4.76,4.44
5/21/09,4.34,14475570,4.45,4.46,4.25
5/22/09,4.26,8274297,4.43,4.43,4.25
5/26/09,4.53,16077030,4.26,4.57,4.23
5/27/09,4.71,21508280,4.57,4.8,4.55
5/28/09,4.7,18365310,4.75,4.84,4.54
5/29/09,4.54,24513080,4.71,4.78,4.38
6/1/09,4.73,26601030,4.69,4.9,4.64
6/2/09,4.56,24929570,4.68,4.7,4.55
6/3/09,4.48,19079900,4.55,4.6,4.34
6/4/09,4.65,19698060,4.57,4.74,4.54
6/5/09,4.63,18769500,4.84,4.87,4.61
6/8/09,4.61,12304240,4.58,4.67,4.5
6/9/09,4.75,18762410,4.7,4.8,4.68
6/10/09,4.82,18316570,4.81,4.86,4.7
6/11/09,4.7,15841310,4.83,4.87,4.68
6/12/09,4.47,39905250,4.75,4.79,4.33
6/15/09,4.26,27451800,4.39,4.45,4.21
6/16/09,4.13,27513390,4.3,4.35,4.1
6/17/09,4.08,32794600,4.13,4.17,3.86
6/18/09,3.85,29174170,4.03,4.07,3.81
6/19/09,3.87,20840130,3.92,3.98,3.86
6/22/09,3.62,21533580,3.84,3.86,3.61
6/23/09,3.55,21377070,3.67,3.69,3.425
6/24/09,3.66,19656660,3.63,3.78,3.6
6/25/09,3.64,14538840,3.62,3.68,3.53
6/26/09,3.62,16700730,3.69,3.71,3.62
6/29/09,3.72,14882390,3.72,3.78,3.65
6/30/09,3.87,24127250,3.77,3.98,3.74
7/1/09,3.91,25967860,3.93,4.05,3.88
7/2/09,3.78,13398670,3.84,3.89,3.76
7/6/09,3.55,26785810,3.74,3.77,3.5
7/7/09,3.43,20437320,3.63,3.63,3.35
7/8/09,3.36,32692250,3.43,3.49,3.22
7/9/09,3.48,19991060,3.43,3.56,3.38
7/10/09,3.49,12988380,3.43,3.56,3.42
7/13/09,3.56,15478030,3.53,3.6,3.36
7/14/09,3.55,14396050,3.59,3.61,3.49
7/15/09,3.86,35890720,3.8,3.97,3.8
7/16/09,3.92,18714220,3.9,3.95,3.76
7/17/09,4,15918480,3.95,4,3.89
7/20/09,4.17,30637190,4.03,4.18,4
7/21/09,4.08,47042130,4.25,4.25,3.95
7/22/09,3.55,66549950,3.54,3.64,3.41
7/23/09,3.59,26234650,3.54,3.6,3.49
7/24/09,3.77,25147540,3.56,3.81,3.54
7/27/09,3.8,15776630,3.82,3.84,3.71
7/28/09,3.77,15661620,3.77,3.81,3.7
7/29/09,3.71,18376800,3.77,3.79,3.65
7/30/09,3.66,20784480,3.78,3.81,3.65
7/31/09,3.66,14278010,3.66,3.73,3.65
8/3/09,3.74,12824160,3.75,3.78,3.7
8/4/09,3.76,20091200,3.75,3.85,3.68
8/5/09,3.75,12121100,3.77,3.79,3.7
8/6/09,3.71,11638200,3.75,3.79,3.66
8/7/09,3.7,12255360,3.77,3.77,3.66
8/10/09,3.68,10631800,3.71,3.71,3.65
8/11/09,3.59,12645140,3.68,3.69,3.55
8/12/09,3.59,13461230,3.6,3.63,3.56
8/13/09,3.68,22041840,3.61,3.71,3.52
8/14/09,3.69,23171590,3.66,3.76,3.59
8/17/09,3.55,15691720,3.55,3.61,3.52
8/18/09,3.56,23268940,3.55,3.58,3.49
8/19/09,3.52,10910470,3.49,3.525,3.47
8/20/09,3.52,6528869,3.53,3.55,3.49
8/21/09,3.7,20128290,3.53,3.71,3.51
8/24/09,4,49167240,3.93,4.1,3.88
8/25/09,4.02,28046750,4.13,4.14,4.02
8/26/09,4.06,20669030,4.03,4.08,4
8/27/09,4.23,26079130,4.04,4.26,4
8/28/09,4.47,41922910,4.45,4.55,4.3
8/31/09,4.36,22117050,4.32,4.38,4.23
9/1/09,4.22,32570370,4.36,4.57,4.18
9/2/09,4.28,18990770,4.19,4.33,4.13
9/3/09,4.53,33174350,4.39,4.56,4.35
9/4/09,4.53,19614140,4.55,4.56,4.38
9/8/09,5.19,73293380,4.6,5.24,4.57
9/9/09,5.2,44373370,5.15,5.3,5
9/10/09,5.38,39061150,5.29,5.45,5.2
9/11/09,5.68,48450210,5.49,5.75,5.45
9/14/09,5.72,27529330,5.62,5.78,5.51
9/15/09,5.88,26727930,5.77,5.94,5.72
9/16/09,5.69,43022440,5.85,5.87,5.57
9/17/09,5.67,38144110,5.69,5.78,5.55
9/18/09,5.7,34234700,5.74,5.75,5.43
9/21/09,5.81,26252970,5.57,5.89,5.56
9/22/09,6.08,39945640,5.91,6.3,5.84
9/23/09,6.02,34427200,6.18,6.28,6
9/24/09,5.66,36253300,6.06,6.09,5.57
9/25/09,5.83,29799610,5.52,5.83,5.51
9/28/09,5.94,20210120,5.87,6.06,5.79
9/29/09,5.78,31039480,5.85,6.1,5.72
9/30/09,5.66,37529900,5.8,5.85,5.59
10/1/09,5.39,42687720,5.62,5.65,5.27
10/2/09,5.31,31799670,5.22,5.45,5.05
10/5/09,5.54,29205740,5.15,5.63,5.12
10/6/09,5.64,21868910,5.67,5.78,5.53
10/7/09,5.54,16855480,5.66,5.69,5.52
10/8/09,5.51,20260170,5.58,5.67,5.46
10/9/09,5.88,27308890,5.51,5.9,5.51
10/12/09,6.14,38496060,6.13,6.29,6.08
10/13/09,6.08,29482100,6.21,6.22,6.06
10/14/09,6.25,32130450,6.31,6.36,6.16
10/15/09,6.19,37263140,6.21,6.23,6.05
10/16/09,5.74,62152160,5.89,5.9399,5.65
10/19/09,5.87,20515610,5.78,5.89,5.68
10/20/09,5.98,35576430,5.94,6.18,5.92
10/21/09,5.77,27026900,5.89,6.07,5.7
10/22/09,5.83,21165390,5.76,5.87,5.61
10/23/09,5.6,26643510,5.93,5.93,5.52
10/26/09,5.42,26786650,5.62,5.71,5.34
10/27/09,5.15,31023820,5.42,5.47,5.07
10/28/09,4.85,30652100,4.98,5.02,4.75
10/29/09,4.93,27134080,4.95,5.1,4.9
10/30/09,4.6,31587350,4.98,4.98,4.545
11/2/09,4.6,23819910,4.68,4.78,4.44
11/3/09,4.64,23034730,4.49,4.65,4.33
11/4/09,4.69,25192300,4.71,4.88,4.67
11/5/09,4.83,14630560,4.81,4.86,4.72
11/6/09,5.04,20914320,4.84,5.05,4.79
11/9/09,5.21,15786960,5.12,5.24,5.1
11/10/09,5.14,16253650,5.2,5.31,5.07
11/11/09,5.32,24474740,5.23,5.35,5.2
11/12/09,6.48,163011400,6.64,6.73,6.35
11/13/09,6.53,68089060,6.26,6.56,6.17
11/16/09,6.43,48783000,6.56,6.7,6.32
11/17/09,6.62,26731550,6.37,6.64,6.35
11/18/09,7.32,79097880,6.71,7.33,6.7
11/19/09,7.05,65837160,7.2,7.3,6.78
11/20/09,6.95,28181510,6.9,6.995,6.8
11/23/09,7,29233740,7.03,7.15,6.94
11/24/09,6.95,18549670,7.01,7.07,6.83
11/25/09,7.11,16360830,7.01,7.12,6.965
11/27/09,6.85,16185080,6.69,7,6.68
11/30/09,7.01,19363390,6.9,7.011,6.78
12/1/09,7.2,23136360,7.11,7.25,7.01
12/2/09,7.3,26884870,7.21,7.5,7.21
12/3/09,8.03,68998930,7.37,8.23,7.36
12/4/09,7.86,43842330,8.09,8.25,7.65
12/7/09,8.52,45590890,8.25,8.61,8.23
12/8/09,8.67,41600090,8.43,8.815,8.34
12/9/09,8.71,30300030,8.81,8.87,8.55
12/10/09,8.58,25950770,8.82,8.895,8.57
12/11/09,8.64,20037170,8.61,8.69,8.43
12/14/09,8.68,24212760,8.81,8.84,8.58
12/15/09,8.82,30504000,8.65,9.08,8.57
12/16/09,9.15,43159360,9.14,9.39,8.82
12/17/09,9.12,19926540,9.03,9.3,9
12/18/09,9.05,15931910,9,9.12,8.93
12/21/09,9.53,30412620,9.09,9.59,9.01
12/22/09,9.43,26187140,9.55,9.76,9.29
12/23/09,9.67,19547360,9.45,9.69,9.42
12/24/09,9.91,11331970,9.79,9.95,9.775
12/28/09,9.83,17262880,9.97,10.04,9.71
12/29/09,9.75,20977380,9.81,9.91,9.44
12/30/09,9.72,14400480,9.63,9.83,9.58
12/31/09,9.68,9396454,9.75,9.77,9.625
1/4/10,9.7,18719210,9.79,9.9,9.68
1/5/10,9.71,22109100,9.71,9.9,9.68
1/6/10,9.57,18640620,9.68,9.76,9.55
1/7/10,9.47,26793490,9.51,9.55,9.18
1/8/10,9.43,13752150,9.37,9.47,9.29
1/11/10,9.14,23615690,9.38,9.44,9.08
1/12/10,8.65,33379050,8.89,8.92,8.52
1/13/10,9.15,32711720,8.71,9.2,8.55
1/14/10,9,22451350,9.18,9.26,8.92
1/15/10,8.84,34323200,9.13,9.19,8.8
1/19/10,9.01,24841830,8.84,9.21,8.84
1/20/10,8.87,22785770,8.98,9,8.755
1/21/10,8.99,37676450,9.01,9.1,8.7701
1/22/10,7.88,69078360,8.55,8.56,7.82
1/25/10,8.07,20548860,8.01,8.14,7.93
1/26/10,8.09,20930520,8.03,8.19,7.93
1/27/10,8.19,26824320,8.03,8.22,7.91
1/28/10,7.88,32068170,8.24,8.25,7.71
1/29/10,7.46,37390460,8.01,8.1,7.3
2/1/10,7.98,25440380,7.61,7.98,7.53
2/2/10,7.91,21106160,7.74,7.96,7.72
2/3/10,7.81,14521660,7.83,7.96,7.76
2/4/10,7.19,33124270,7.64,7.65,7.1
2/5/10,7.35,28773250,7.13,7.37,6.98
2/8/10,7.42,24288750,7.38,7.62,7.28
2/9/10,7.54,19962880,7.59,7.64,7.42
2/10/10,7.64,17268430,7.47,7.71,7.45
2/11/10,7.84,14961060,7.67,7.9,7.6
2/12/10,7.87,21786760,7.71,8,7.6485
2/16/10,8.06,13565840,7.91,8.14,7.87
2/17/10,8.03,12019200,8.11,8.2,7.94
2/18/10,7.95,14645920,7.98,8.08,7.87
2/19/10,7.93,8099694,7.82,7.99,7.82
2/22/10,7.9,9698492,7.96,8,7.83
2/23/10,7.79,15568400,7.91,7.94,7.69
2/24/10,8.05,16542430,7.78,8.1,7.77
2/25/10,7.89,20947080,7.88,7.89,7.62
2/26/10,7.91,17076070,7.83,7.96,7.68
3/1/10,8.21,14845140,7.94,8.25,7.94
3/2/10,8.38,25495670,8.33,8.6,8.29
3/3/10,8.35,14236770,8.44,8.55,8.28
3/4/10,8.5,14438360,8.37,8.5,8.28
3/5/10,8.61,14819000,8.55,8.7,8.48
3/8/10,8.64,12759120,8.66,8.69,8.51
3/9/10,8.63,17627060,8.5,8.69,8.43
3/10/10,8.92,23415840,8.6,9.09,8.59
3/11/10,8.95,15984500,8.91,9,8.74
3/12/10,8.93,12802500,9.04,9.04,8.9
3/15/10,8.92,11419460,8.88,8.95,8.8
3/16/10,9.4,25355170,8.95,9.42,8.94
3/17/10,9.67,23571100,9.47,9.74,9.42
3/18/10,9.39,17771290,9.62,9.66,9.26
3/19/10,9.11,15930180,9.38,9.41,9.1
3/22/10,9.31,15099300,8.91,9.32,8.79
3/23/10,9.45,10615710,9.34,9.49,9.26
3/24/10,9.23,12091050,9.38,9.38,9.2
3/25/10,9.03,15823060,9.35,9.44,9.02
3/26/10,9.02,12150420,9.11,9.19,8.91
3/29/10,9.11,9610309,9.08,9.2,9.06
3/30/10,9.27,13440680,9.21,9.28,9.09
3/31/10,9.27,12850020,9.15,9.44,9.13
4/1/10,9.37,11756310,9.34,9.49,9.22
4/5/10,9.53,10464210,9.47,9.54,9.42
4/6/10,9.35,18738340,9.44,9.49,9.18
4/7/10,9.66,29120290,9.38,9.83,9.25
4/8/10,9.42,21484340,9.63,9.63,9.33
4/9/10,9.3,24195500,9.49,9.58,9.28
4/12/10,9.42,16576140,9.37,9.53,9.35
4/13/10,9.56,15032690,9.42,9.59,9.35
4/14/10,9.89,29137930,9.82,9.965,9.71
4/15/10,10.16,54533450,9.97,10.24,9.9
4/16/10,9.81,67693610,9.78,9.9,9.37
4/19/10,9.58,27860500,9.73,9.8382,9.29
4/20/10,9.77,21243630,9.74,9.81,9.63
4/21/10,9.78,28631380,9.8,9.91,9.49
4/22/10,9.86,22369590,9.57,9.9,9.45
4/23/10,9.76,18825820,9.81,9.85,9.61
4/26/10,9.97,24334580,9.8,10.15,9.7
4/27/10,9.58,27143240,9.84,10.06,9.53
4/28/10,9.55,23011430,9.69,9.8,9.35
4/29/10,9.72,14350360,9.7,9.78,9.59
4/30/10,9.07,37958890,9.72,9.72,9.06
5/3/10,9.29,27504640,9.18,9.38,9.02
5/4/10,8.68,46458590,9.08,9.08,8.54
5/5/10,8.58,36748340,8.44,8.88,8.35
5/6/10,8.27,44849690,8.58,8.72,7.81
5/7/10,8.38,48442280,8.3,8.67,7.92
5/10/10,8.99,34686900,8.92,9.03,8.31
5/11/10,9.07,41061890,8.85,9.29,8.75
5/12/10,9.49,33539570,9.2,9.58,9.15
5/13/10,9.42,33217860,9.52,9.78,9.32
5/14/10,8.8,59012160,9.24,9.31,8.57
5/17/10,8.85,27713460,8.75,8.87,8.47
5/18/10,8.42,29698660,8.96,9.01,8.37
5/19/10,8.47,29864740,8.23,8.63,8.2
5/20/10,8.09,37458710,8.27,8.37,8
5/21/10,8.4,39731410,7.87,8.55,7.75
5/24/10,8.09,24503140,8.32,8.56,8.07
5/25/10,8.15,30404950,7.75,8.15,7.68
5/26/10,8.22,37479000,8.39,8.59,8.18
5/27/10,8.8,24219670,8.45,8.8,8.4
5/28/10,8.57,28072570,8.84,8.87,8.45
6/1/10,8.14,31186630,8.43,8.43,8.14
6/2/10,8.54,24141970,8.26,8.54,8.11
6/3/10,8.69,22533740,8.59,8.73,8.36
6/4/10,8.105,37600820,8.42,8.665,8.01
6/7/10,7.71,27179180,8.2,8.22,7.64
6/8/10,7.77,36005600,7.75,7.88,7.42
6/9/10,7.61,24745120,7.91,8.05,7.58
6/10/10,8.01,27986620,7.78,8.04,7.74
6/11/10,8.12,21054220,7.85,8.18,7.81
6/14/10,8.28,21792340,8.31,8.45,8.24
6/15/10,8.82,35673880,8.35,8.88,8.34
6/16/10,8.9,33533170,8.73,9.19,8.65
6/17/10,8.91,21698820,9.05,9.05,8.71
6/18/10,8.83,16524190,8.92,9.05,8.77
6/21/10,8.8,25871740,9.03,9.16,8.71
6/22/10,8.58,23876140,8.81,9.02,8.54
6/23/10,8.56,23034910,8.63,8.8,8.48
6/24/10,8.13,31270200,8.51,8.57,8.05
6/25/10,8.09,22847050,8.22,8.22,7.93
6/28/10,8.05,21543910,8.14,8.24,7.96
6/29/10,7.48,43853780,7.93,7.93,7.41
6/30/10,7.32,26403310,7.58,7.65,7.3
7/1/10,7.39,27289890,7.35,7.53,7.1
7/2/10,7.17,26073110,7.45,7.48,7.02
7/6/10,7.04,25865220,7.4,7.42,6.96
7/7/10,7.39,23664890,7.04,7.41,7.04
7/8/10,7.37,21822440,7.52,7.52,7.215
7/9/10,7.34,20371780,7.34,7.35,7.14
7/12/10,7.36,36004580,7.38,7.6,7.32
7/13/10,7.52,38839270,7.6,7.69,7.4287
7/14/10,7.44,49082690,7.82,7.82,7.33
7/15/10,7.41,51095570,7.46,7.48,7.18
7/16/10,7.37,72972600,7.28,7.59,7.11
7/19/10,7.44,27850510,7.41,7.535,7.22
7/20/10,7.6,30619150,7.21,7.63,7.15
7/21/10,7.4,28168430,7.61,7.65,7.35
7/22/10,7.61,25148840,7.49,7.68,7.36
7/23/10,7.82,28568770,7.57,7.84,7.46
7/26/10,8.07,32459680,7.82,8.1,7.68
7/27/10,8.21,34586140,8.14,8.25,8.03
7/28/10,7.98,30782310,8.09,8.2,7.875
7/29/10,7.78,40211370,7.88,7.88,7.58
7/30/10,7.49,35900270,7.61,7.67,7.41
8/2/10,7.65,29104370,7.63,7.77,7.47
8/3/10,7.51,20257000,7.57,7.59,7.41
8/4/10,7.52,18838650,7.55,7.61,7.44
8/5/10,7.5,14581120,7.49,7.62,7.45
8/6/10,7.45,33032000,7.49,7.72,7.43
8/9/10,7.42,26488580,7.48,7.52,7.38
8/10/10,6.83,80663710,7.06,7.13,6.75
8/11/10,6.49,54872990,6.63,6.68,6.41
8/12/10,6.57,55087260,6.35,6.75,6.26
8/13/10,6.49,24273930,6.6,6.72,6.47
8/16/10,6.62,20061140,6.47,6.71,6.43
8/17/10,6.63,14686010,6.72,6.77,6.62
8/18/10,6.57,20100180,6.62,6.66,6.51
8/19/10,6.42,21653360,6.48,6.55,6.28
8/20/10,6.25,22982120,6.36,6.4404,6.19
8/23/10,6.14,22080790,6.295,6.36,6.11
8/24/10,5.99,32874640,6,6.21,5.94
8/25/10,6.13,27766090,5.92,6.18,5.85
8/26/10,5.87,28958120,6.19,6.22,5.83
8/27/10,6.08,49321180,5.94,6.09,5.53
8/30/10,5.78,23609580,6.02,6.08,5.77
8/31/10,5.61,28567040,5.69,5.8,5.57
9/1/10,5.76,34991380,5.75,5.86,5.68
9/2/10,5.93,24405740,5.82,5.96,5.7
9/3/10,6.09,22263300,6.05,6.12,5.89
9/7/10,5.95,21637710,6.04,6.18,5.95
9/8/10,5.83,19353080,5.96,5.96,5.79
9/9/10,5.86,17190680,5.945,5.945,5.82
9/10/10,5.81,23093810,5.88,5.9,5.67
9/13/10,6.18,51715290,5.89,6.34,5.89
9/14/10,6.27,33660880,6.16,6.47,6.08
9/15/10,6.22,18333720,6.25,6.29,6.13
9/16/10,6.15,21538190,6.21,6.25,6.1
9/17/10,6.12,20186350,6.21,6.22,6.09
9/20/10,6.09,22864470,6.16,6.17,6.02
9/21/10,6.171,20614940,6.1,6.25,6.06
9/22/10,6.26,27111770,6.12,6.27,6.06
9/23/10,6.4,39439990,6.2,6.59,6.14
9/24/10,6.84,53638600,6.6,6.85,6.6
9/27/10,7.02,56224980,6.92,7.24,6.84
9/28/10,6.95,32203970,7.06,7.09,6.87
9/29/10,7.28,44179390,6.87,7.34,6.85
9/30/10,7.11,38510110,7.39,7.44,6.99
10/1/10,7.05,27508390,7.2,7.26,7.01
10/4/10,6.94,23020600,7.03,7.08,6.84
10/5/10,6.98,36272350,7.04,7.12,6.89
10/6/10,6.86,23465730,7.01,7.05,6.78
10/7/10,6.87,20987360,6.89,6.93,6.77
10/8/10,7.05,25379310,6.87,7.1,6.79
10/11/10,7.24,24687210,7.1,7.28,7.08
10/12/10,7.3,27686800,7.26,7.35,7.16
10/13/10,7.22,32256990,7.45,7.48,7.22
10/14/10,7.139,35791020,7.23,7.25,7
10/15/10,7.12,37670150,7.36,7.39,7.01
10/18/10,6.96,26643310,7.11,7.13,6.89
10/19/10,6.95,39315980,6.86,7.14,6.8
10/20/10,6.82,45568590,6.98,7.05,6.8
10/21/10,6.89,23130380,6.87,6.95,6.79
10/22/10,6.89,21179000,6.86,7,6.86
10/25/10,7.26,37036540,6.96,7.33,6.94
10/26/10,7.2,16108570,7.2,7.3,7.14
10/27/10,7.35,18441460,7.17,7.35,7.16
10/28/10,7.63,32400570,7.36,7.68,7.34
10/29/10,7.335,26826900,7.61,7.63,7.31
11/1/10,7.36,20604320,7.48,7.5,7.3
11/2/10,7.535,21736400,7.41,7.63,7.4
11/3/10,7.64,20356200,7.52,7.67,7.47
11/4/10,8,29567540,7.71,8,7.67
11/5/10,8.04,24711770,8.03,8.16,7.97
11/8/10,8.14,28465510,8.03,8.22,8.03
11/9/10,7.91,42670870,8.22,8.24,7.85
11/10/10,7.75,31290490,7.89,7.94,7.7
11/11/10,7.63,17939230,7.56,7.68,7.46
11/12/10,7.63,34469660,7.59,7.85,7.5
11/15/10,7.565,15850480,7.75,7.82,7.56
11/16/10,7.43,26798480,7.49,7.65,7.42
11/17/10,7.33,17760140,7.32,7.43,7.24
11/18/10,7.35,13892750,7.43,7.48,7.3
11/19/10,7.47,14459560,7.36,7.53,7.27
11/22/10,7.41,12062820,7.44,7.56,7.3025
11/23/10,7.32,10386650,7.32,7.41,7.26
11/24/10,7.62,14304840,7.38,7.67,7.37
11/26/10,7.55,4053140,7.6,7.65,7.51
11/29/10,7.38,15563650,7.47,7.5,7.26
11/30/10,7.29,12916880,7.29,7.37,7.26
12/1/10,7.51,23883570,7.41,7.6,7.37
12/2/10,7.54,19535810,7.56,7.63,7.49
12/3/10,7.65,17230060,7.53,7.7,7.5
12/6/10,7.819,22879530,7.65,7.87,7.61
12/7/10,8.02,31775490,7.91,8.14,7.9
12/8/10,8.17,19981120,7.98,8.2,7.95
12/9/10,7.95,16822030,8.21,8.23,7.91
12/10/10,8.07,15101260,8,8.12,7.89
12/13/10,8.23,29520790,8.13,8.43,8.1
12/14/10,8.05,15770200,8.23,8.27,8
12/15/10,8.02,17160180,8,8.24,7.97
12/16/10,8.03,9935174,8.01,8.12,7.96
12/17/10,8.1,25999740,8.05,8.1,7.86
12/20/10,8.24,14031550,8.09,8.24,8.06
12/21/10,8.14,9683514,8.27,8.32,8.13
12/22/10,8.111,9198763,8.17,8.18,8.09
12/23/10,8.04,10784430,8.04,8.11,7.95
12/27/10,8.05,8492919,8,8.08,7.93
12/28/10,8.09,6137534,8.07,8.17,8.05
12/29/10,8.08,6926378,8.1,8.15,8.06
12/30/10,8.14,6213426,8.1,8.15,8.1
12/31/10,8.18,7969674,8.14,8.19,8.05
1/3/11,8.47,21152390,8.44,8.55,8.39
1/4/11,8.77,26865910,8.56,8.84,8.54
1/5/11,8.91,19457260,8.74,8.95,8.72
1/6/11,8.69,21187650,8.92,8.94,8.67
1/7/11,8.83,14062350,8.73,8.86,8.63
1/10/11,9.19,42422660,9.05,9.25,8.92
1/11/11,8.36,82035320,8.77,8.8,8.33
1/12/11,8.39,33951140,8.41,8.5,8.36
1/13/11,8.26,31453110,8.44,8.46,8.24
1/14/11,8.2,38153220,8.32,8.33,8.05
1/18/11,8.1025,21980190,8.2,8.24,8.07
1/19/11,7.93,22683030,8.13,8.17,7.9
1/20/11,8.02,25083520,7.88,8.02,7.85
1/21/11,7.54,64266970,8.14,8.15,7.51
1/24/11,7.68,27980970,7.53,7.73,7.5
1/25/11,7.48,36793440,7.66,7.68,7.34
1/26/11,7.491,25042680,7.49,7.54,7.35
1/27/11,7.75,29736850,7.61,7.78,7.53
1/28/11,7.49,33397730,7.76,7.83,7.4
1/31/11,7.83,42732300,7.55,8.04,7.5
2/1/11,8.22,40235870,8.1,8.25,8.059
2/2/11,8.29,36207390,8.16,8.6,8.16
2/3/11,8.33,22920400,8.36,8.43,8.1
2/4/11,8.4,21088320,8.32,8.49,8.25
2/7/11,8.33,18569550,8.47,8.49,8.25
2/8/11,8.24,18797010,8.28,8.3,8.09
2/9/11,8.23,18389370,8.18,8.32,8.03
2/10/11,8.22,14926440,8.1,8.25,8.08
2/11/11,8.28,11335250,8.16,8.29,8.12
2/14/11,8.63,37740880,8.26,8.735,8.25
2/15/11,8.6,30316840,8.6,8.76,8.44
2/16/11,8.99,47679980,8.65,9.12,8.605
2/17/11,9.44,53306040,8.96,9.51,8.94
2/18/11,9.18,30922720,9.52,9.58,9.15
2/22/11,8.85,32215050,8.88,9.1705,8.82
2/23/11,8.55,32276660,8.78,8.95,8.37
2/24/11,9.1,40913240,8.59,9.18,8.57
2/25/11,9.29,29280670,9.25,9.45,9.23
2/28/11,9.21,21558110,9.34,9.3899,9.05
3/1/11,9.025,19403340,9.27,9.32,9
3/2/11,9.17,21249600,9.05,9.34,9.05
3/3/11,9.28,18730700,9.31,9.37,9.18
3/4/11,9.225,23071760,9.33,9.39,9.15
3/7/11,8.84,29788190,9.19,9.22,8.74
3/8/11,8.99,20307630,8.88,9.1,8.75
3/9/11,8.67,23310090,8.94,8.94,8.63
3/10/11,8.42,26244670,8.53,8.55,8.36
3/11/11,8.65,21126800,8.26,8.67,8.26
3/14/11,8.43,17091030,8.56,8.75,8.35
3/15/11,8.28,19805980,7.99,8.34,7.93
3/16/11,8.12,21081340,8.28,8.46,8.05
3/17/11,8.31,14518940,8.29,8.4,8.2
3/18/11,8.55,21514880,8.45,8.63,8.34
3/21/11,8.55,13726180,8.73,8.74,8.51
3/22/11,8.36,11876440,8.54,8.62,8.36
3/23/11,8.59,13585400,8.36,8.6,8.28
3/24/11,8.83,17417080,8.66,8.85,8.605
3/25/11,8.88,17483710,8.78,8.9,8.73
3/28/11,8.69,12030150,8.89,8.89,8.68
3/29/11,8.68,14757180,8.69,8.7,8.54
3/30/11,8.79,14592260,8.74,8.85,8.61
3/31/11,8.6,18374240,8.765,8.845,8.57
4/1/11,8.36,20395230,8.61,8.69,8.27
4/4/11,8.1,26558630,8.4,8.42,8.01
4/5/11,8.11,26096070,8.23,8.35,8.1
4/6/11,8.43,21005150,8.22,8.51,8.17
4/7/11,8.41,14985740,8.48,8.54,8.29
4/8/11,8.47,19908120,8.47,8.51,8.31
4/11/11,8.42,16624260,8.46,8.575,8.4
4/12/11,8.26,12465180,8.35,8.39,8.16
4/13/11,8.2,11528150,8.35,8.37,8.18
4/14/11,8.19,13563830,8.14,8.22,8.02
4/15/11,8.27,12619620,8.2,8.28,8.08
4/18/11,8.2,16732830,8.11,8.28,8.01
4/19/11,8.27,12063220,8.21,8.29,8.16
4/20/11,8.63,21325830,8.48,8.65,8.41
4/21/11,8.71,18601850,8.73,8.77,8.63
4/25/11,8.7,21695970,8.67,8.72,8.42
4/26/11,8.88,21944180,8.7,8.92,8.64
4/27/11,8.95,12866470,8.86,8.95,8.81
4/28/11,9.07,17021420,8.88,9.09,8.85
4/29/11,9.1,11383670,9.04,9.14,9.02
5/2/11,9.03,10712150,9.16,9.17,8.99
5/3/11,8.8,17346420,9,9.045,8.63
5/4/11,8.79,16844670,8.77,8.86,8.64
5/5/11,8.87,14697400,8.68,8.99,8.67
5/6/11,8.92,17448640,9,9.05,8.89
5/9/11,8.94,9489256,8.93,8.97,8.83
5/10/11,8.94,15049630,8.75,8.96,8.72
5/11/11,8.88,14899760,8.89,9.07,8.8
5/12/11,8.93,17307840,8.78,8.96,8.73
5/13/11,8.9,12878220,8.92,9.07,8.85
5/16/11,8.67,16577000,8.77,8.95,8.65
5/17/11,8.54,20014860,8.62,8.62,8.38
5/18/11,8.67,17954420,8.53,8.7283,8.52
5/19/11,8.64,15704330,8.62,8.71,8.55
5/20/11,8.62,16696110,8.58,8.7,8.54
5/23/11,8.49,16863660,8.49,8.69,8.45
5/24/11,8.39,15950500,8.55,8.57,8.37
5/25/11,8.43,12007060,8.37,8.47,8.31
5/26/11,8.48,8120097,8.45,8.5,8.36
5/27/11,8.49,9621687,8.53,8.6,8.44
5/31/11,8.68,11511050,8.56,8.71,8.53
6/1/11,8.37,13355540,8.65,8.68,8.36
6/2/11,8.235,15133070,8.39,8.44,8.21
6/3/11,7.97,21264660,8.09,8.17,7.92
6/6/11,7.8,12262040,7.97,7.99,7.77
6/7/11,7.71,17802740,7.87,7.95,7.71
6/8/11,7.62,27120170,7.72,7.89,7.54
6/9/11,7.64,15715440,7.65,7.73,7.59
6/10/11,7.59,14571310,7.63,7.67,7.44
6/13/11,7.54,12446400,7.6,7.63,7.45
6/14/11,7.67,12709980,7.67,7.79,7.61
6/15/11,7.5,14470680,7.58,7.66,7.45
6/16/11,7.19,48088840,7.65,7.73,7.05
6/17/11,7,31079420,7.29,7.29,6.96
6/20/11,6.89,33807460,6.96,7,6.72
6/21/11,7.22,26234240,6.98,7.25,6.95
6/22/11,7.06,17414660,7.15,7.19,7.05
6/23/11,7.06,33876930,6.98,7.08,6.74
6/24/11,6.9,17826690,7.02,7.03,6.86
6/27/11,6.92,9505275,6.91,6.96,6.83
6/28/11,6.95,20625040,6.95,7.08,6.9
6/29/11,6.89,27292680,7,7.05,6.79
6/30/11,6.99,25379100,6.93,7.12,6.9
7/1/11,7.11,27641100,6.99,7.13,6.89
7/5/11,7.14,16218500,7.11,7.16,7.06
7/6/11,7,13084260,7.1,7.11,7
7/7/11,7.15,12530170,7.08,7.2,7.05
7/8/11,6.95,19964230,7.06,7.06,6.92
7/11/11,6.76,26007170,6.8,6.9,6.75
7/12/11,6.43,37587780,6.72,6.72,6.31
7/13/11,6.48,20819800,6.49,6.63,6.4
7/14/11,6.44,19663600,6.45,6.59,6.35
7/15/11,6.43,12733710,6.45,6.53,6.39
7/18/11,6.18,31197800,6.37,6.43,6.09
7/19/11,6.48,25753460,6.29,6.55,6.23
7/20/11,6.6,18389170,6.56,6.62,6.4
7/21/11,6.5,29103320,6.59,6.6084,6.44
7/22/11,7.75,85988210,7.09,7.79,7.07
7/25/11,7.63,32279980,7.62,7.77,7.43
7/26/11,7.66,21455700,7.67,7.87,7.63
7/27/11,7.51,23537700,7.6,7.71,7.44
7/28/11,7.42,16729440,7.5,7.63,7.36
7/29/11,7.34,20857780,7.32,7.49,7.21
8/1/11,7.22,23189880,7.54,7.58,7.1
8/2/11,7.11,33139930,7.18,7.24,6.87
8/3/11,7.16,31579420,7.06,7.23,6.84
8/4/11,6.5,34734510,7.05,7.05,6.5
8/5/11,6.56,39379350,6.59,6.75,6.16
8/8/11,5.94,41205290,6.03,6.25,5.9
8/9/11,6.18,25312100,6.08,6.19,5.79
8/10/11,5.85,35363910,5.63,6.19,5.6
8/11/11,6.17,25932770,5.93,6.26,5.87
8/12/11,6.21,15587880,6.31,6.42,6.18
8/15/11,6.43,11475850,6.28,6.4527,6.22
8/16/11,6.34,16353170,6.36,6.4325,6.18
8/17/11,6.14,15248110,6.41,6.47,6.08
8/18/11,5.79,27199920,5.9,5.96,5.64
8/19/11,5.98,37995160,5.72,6.085,5.71
8/22/11,6.05,18433400,6.13,6.18,5.95
8/23/11,6.5,31113800,6.08,6.5,5.8869
8/24/11,6.34,17181370,6.5,6.51,6.16
8/25/11,6.37,27367020,6.32,6.7,6.29
8/26/11,6.49,17110710,6.3,6.6,6.22
8/29/11,6.83,13491060,6.58,6.83,6.57
8/30/11,6.84,17389290,6.76,6.93,6.69
8/31/11,6.83,26830110,6.84,6.94,6.75
9/1/11,6.68,15252460,6.83,6.87,6.67
9/2/11,6.32,17933960,6.35,6.48,6.28
9/6/11,6.27,16298650,6.09,6.32,6.065
9/7/11,6.76,18692450,6.5,6.76,6.44
9/8/11,6.81,32012830,6.72,6.96,6.63
9/9/11,6.52,17494200,6.69,6.82,6.48
9/12/11,6.71,20403700,6.4,6.75,6.4
9/13/11,6.96,19041980,6.77,7,6.66
9/14/11,7.21,23742630,7.02,7.26,6.98
9/15/11,7.335,23775030,7.3,7.44,7.25
9/16/11,7.2,19879340,7.38,7.42,7.13
9/19/11,6.92,36453120,6.96,7.14,6.85
9/20/11,6.74,17314720,6.96,6.99,6.73
9/21/11,6.48,20039680,6.8,6.85,6.48
9/22/11,6.12,44630770,6.24,6.3,5.9
9/23/11,6.17,21920640,6.01,6.23,5.95
9/26/11,6.4,27756900,6.37,6.43,6.11
9/27/11,6.49,26930580,6.57,6.76,6.44
9/28/11,6.15,28898250,6.51,6.57,6.15
9/29/11,5.31,67915980,5.49,5.65,5.11
9/30/11,5.08,29669660,5.23,5.3,5.07
10/3/11,4.53,39476870,5.03,5.03,4.52
10/4/11,4.72,37434280,4.42,4.72,4.31
10/5/11,4.83,28839940,4.65,4.9,4.52
10/6/11,4.85,19191110,4.91,4.91,4.7
10/7/11,4.73,22122700,4.94,4.99,4.69
10/10/11,4.84,14707800,4.85,4.97,4.75
10/11/11,4.86,15419660,4.86,4.93,4.78
10/12/11,4.93,19246290,4.94,5.07,4.9145
10/13/11,4.97,17296650,4.94,4.98,4.85
10/14/11,4.92,12780500,5.04,5.07,4.85
10/17/11,4.67,16610040,4.9,4.9,4.65
10/18/11,4.83,21307740,4.68,4.84,4.57
10/19/11,4.73,18301330,4.9,4.92,4.69
10/20/11,4.54,25206770,4.72,4.76,4.45
10/21/11,4.72,13915380,4.65,4.73,4.61
10/24/11,5.06,24367660,4.74,5.06,4.74
10/25/11,4.91,14840620,5,5.05,4.86
10/26/11,5.095,19644130,4.99,5.13,4.87
10/27/11,5.54,41120950,5.27,5.6,5.17
10/28/11,5.94,47546080,5.83,6.05,5.71
10/31/11,5.83,19378330,5.84,5.96,5.8
11/1/11,5.3,45372870,5.56,5.59,5.29
11/2/11,5.46,21239740,5.45,5.49,5.34
11/3/11,5.73,26416540,5.53,5.77,5.3
11/4/11,5.67,17551140,5.61,5.77,5.49
11/7/11,5.68,14547580,5.67,5.77,5.53
11/8/11,5.75,13998960,5.72,5.78,5.64
11/9/11,5.38,18515900,5.55,5.635,5.38
11/10/11,5.66,23914880,5.49,5.72,5.34
11/11/11,5.95,22802620,5.69,6,5.67
11/14/11,5.79,12228400,5.93,5.99,5.76
11/15/11,5.76,13705430,5.74,5.85,5.7
11/16/11,5.68,12695860,5.71,5.85,5.64
11/17/11,5.44,18188570,5.71,5.74,5.4
11/18/11,5.47,12644470,5.48,5.52,5.4
11/21/11,5.42,15300510,5.34,5.48,5.22
11/22/11,5.3,19460310,5.37,5.46,5.29
11/23/11,5.05,18337010,5.22,5.22,5.01
11/25/11,4.99,8668941,5.03,5.11,4.96
11/28/11,5.3,12142980,5.24,5.35,5.2
11/29/11,5.32,10189820,5.33,5.44,5.3
11/30/11,5.69,16149740,5.49,5.69,5.47
12/1/11,5.7,10880780,5.61,5.74,5.54
12/2/11,5.65,7732224,5.77,5.83,5.65
12/5/11,5.76,11215760,5.75,5.84,5.69
12/6/11,5.66,11391230,5.74,5.78,5.61
12/7/11,5.72,12657310,5.6,5.74,5.53
12/8/11,5.47,16653590,5.64,5.69,5.45
12/9/11,5.54,13348470,5.49,5.56,5.39
12/12/11,5.3,14582520,5.38,5.39,5.22
12/13/11,5.18,22676450,5.33,5.39,5.12
12/14/11,5.07,13350700,5.14,5.18,5.01
12/15/11,5.04,13624840,5.14,5.17,5.01
12/16/11,5.13,11698370,5.08,5.1408,5.02
12/19/11,4.86,14150110,5.2,5.2,4.82
12/20/11,5.19,13173150,4.96,5.2,4.95
12/21/11,5.08,11852610,5.12,5.2,4.99
12/22/11,5.45,16213650,5.12,5.5,5.1
12/23/11,5.41,6665907,5.49,5.51,5.35
12/27/11,5.38,5645267,5.4,5.48,5.34
12/28/11,5.28,5277572,5.39,5.42,5.24
12/29/11,5.34,6144644,5.31,5.39,5.27
12/30/11,5.4,6894894,5.34,5.45,5.28
1/3/12,5.48,12672250,5.53,5.59,5.44
1/4/12,5.46,8029229,5.47,5.49,5.41
1/5/12,5.46,11468140,5.45,5.565,5.35
1/6/12,5.43,12934630,5.44,5.52,5.39
1/9/12,5.59,12586310,5.42,5.6,5.38
1/10/12,5.71,10131440,5.66,5.75,5.64
1/11/12,5.81,11205090,5.68,5.835,5.68
1/12/12,5.82,11480090,5.83,5.85,5.71
1/13/12,5.66,9667192,5.76,5.79,5.63
1/17/12,5.73,8262012,5.77,5.84,5.71
1/18/12,5.97,19939490,5.73,6.03,5.73
1/19/12,6.22,21710520,6.02,6.24,5.98
1/20/12,6.42,28702990,6.22,6.49,6.18
1/23/12,6.52,21901190,6.42,6.6,6.3901
1/24/12,6.53,38600440,6.47,6.81,6.39
1/25/12,6.73,36787720,6.28,6.78,6.2299
1/26/12,6.77,25160260,6.73,6.95,6.68
1/27/12,6.82,16427210,6.72,6.85,6.65
1/30/12,6.74,13362850,6.73,6.78,6.61
1/31/12,6.71,17476490,6.79,6.84,6.69
2/1/12,6.9,14671490,6.83,6.92,6.8
2/2/12,6.93,15775140,6.9,7,6.84
2/3/12,7.08,15302170,7.02,7.12,6.98
2/6/12,6.92,13137770,7.02,7.05,6.9
2/7/12,7.13,18869120,6.96,7.185,6.95
2/8/12,7.25,15605930,7.14,7.39,7.11
2/9/12,7.24,13357810,7.3,7.33,7.13
2/10/12,7.05,16445950,7.08,7.12,6.96
2/13/12,7.29,19481440,7.24,7.37,7.17
2/14/12,7.32,18748610,7.24,7.43,7.24
2/15/12,7.3,15232810,7.38,7.5,7.3
2/16/12,7.59,13133850,7.3,7.6,7.27
2/17/12,7.42,13955030,7.66,7.68,7.42
2/21/12,7.28,15661840,7.44,7.45,7.2
2/22/12,7.14,20773140,7.24,7.27,7
2/23/12,7.29,16382900,7.11,7.3,7.05
2/24/12,7.46,19280680,7.42,7.57,7.38
2/27/12,7.47,14753620,7.4,7.59,7.27
2/28/12,7.52,10513600,7.45,7.61,7.43
2/29/12,7.35,13946590,7.52,7.55,7.34
3/1/12,7.51,19150970,7.47,7.7,7.42
3/2/12,7.46,11202700,7.5,7.63,7.43
3/5/12,7.07,25117330,7.35,7.44,7.03
3/6/12,6.9,15013140,6.91,6.95,6.76
3/7/12,7.17,18978700,7,7.23,6.92
3/8/12,7.47,21238150,7.24,7.5,7.215
3/9/12,7.58,15092490,7.56,7.65,7.525
3/12/12,7.5,15385380,7.55,7.6,7.4259
3/13/12,7.76,17884460,7.56,7.79,7.54
3/14/12,7.76,22706980,7.75,7.99,7.73
3/15/12,8.25,27146680,7.96,8.28,7.92
3/16/12,8.2,14106500,8.31,8.33,8.11
3/19/12,8.18,12015890,8.19,8.23,8.08
3/20/12,8.06,16425070,8.05,8.09,7.92
3/21/12,8.04,9080146,8.09,8.18,8.01
3/22/12,8.03,9341203,7.97,8.04,7.9
3/23/12,8.09,8149170,8.05,8.12,7.95
3/26/12,8.24,8690136,8.16,8.25,8.12
3/27/12,8.19,9801989,8.25,8.35,8.17
3/28/12,8.08,15375530,8.17,8.27,7.98
3/29/12,8.12,13920220,7.98,8.12,7.93
3/30/12,8.02,14585310,8.18,8.2,7.95
4/2/12,8.2,12475800,8.03,8.24,7.95
4/3/12,7.98,18442810,8.09,8.17,7.91
4/4/12,7.81,16055590,7.89,7.89,7.6
4/5/12,7.87,14951770,7.61,7.89,7.6
4/9/12,7.75,10066570,7.71,7.85,7.66
4/10/12,7.53,16429330,7.73,7.89,7.52
4/11/12,7.64,9540800,7.64,7.8,7.62
4/12/12,7.92,10959610,7.84,7.95,7.71
4/13/12,7.73,11975350,7.85,7.86,7.68
4/16/12,7.7,14930990,7.8,7.84,7.55
4/17/12,7.94,15753920,7.83,8.01,7.8
4/18/12,7.97,13998870,7.81,8.055,7.79
4/19/12,7.97,25049940,8.01,8.06,7.75
4/20/12,7.76,38757670,8.16,8.21,7.73
4/23/12,7.39,23445090,7.59,7.65,7.39
4/24/12,7.31,20549200,7.44,7.48,7.26
4/25/12,7.39,17392070,7.42,7.48,7.21
4/26/12,7.45,22488020,7.35,7.49,7.31
4/27/12,7.33,17785720,7.44,7.49,7.22
4/30/12,7.36,13327230,7.3,7.46,7.3
5/1/12,7.59,18849850,7.34,7.64,7.31
5/2/12,7.63,14124580,7.51,7.65,7.465
5/3/12,7.41,15769260,7.57,7.72,7.37
5/4/12,7.18,12320390,7.35,7.4,7.13
5/7/12,7.18,10557870,7.13,7.32,7.13
5/8/12,7.03,12568820,7.1,7.12,6.9
5/9/12,6.86,19307850,6.9,6.96,6.72
5/10/12,6.78,26539530,6.58,6.85,6.48
5/11/12,6.78,17695770,6.73,7.03,6.72
5/14/12,6.75,13394270,6.69,6.89,6.63
5/15/12,6.6,12500410,6.76,6.82,6.53
5/16/12,6.39,17242190,6.66,6.76,6.39
5/17/12,6.13,27079960,6.38,6.42,6.11
5/18/12,6.01,14970240,6.19,6.29,6
5/21/12,6.3,16378180,6.1,6.34,6.06
5/22/12,6.16,12600480,6.17,6.27,6.08
5/23/12,6.08,19693160,5.98,6.08,5.89
5/24/12,6.02,9713052,6.09,6.1,5.96
5/25/12,6.22,10025500,6.02,6.22,5.99
5/29/12,6.46,16984760,6.23,6.46,6.22
5/30/12,6.15,18305570,6.35,6.39,6.145
5/31/12,6.08,19833050,6.12,6.14,5.93
6/1/12,5.73,25557240,5.9,5.9,5.63
6/4/12,5.63,15575410,5.76,5.83,5.52
6/5/12,5.825,12255180,5.66,5.84,5.64
6/6/12,6.02,13458470,5.91,6.1,5.905
6/7/12,5.76,17448520,6.1,6.14,5.72
6/8/12,5.91,7580883,5.73,5.92,5.71
6/11/12,5.69,11839240,6.01,6.02,5.68
6/12/12,5.91,12517360,5.76,5.92,5.75
6/13/12,5.76,12580500,5.89,5.95,5.75
6/14/12,5.76,8485636,5.75,5.81,5.7
6/15/12,5.87,9290847,5.77,5.88,5.73
6/18/12,5.93,11949890,5.85,5.995,5.8
6/19/12,5.81,21226820,5.93,6,5.8
6/20/12,6.06,23322300,5.87,6.09,5.79
6/21/12,5.72,17210920,6.04,6.04,5.71
6/22/12,5.73,15990100,5.77,5.82,5.63
6/25/12,5.41,17457260,5.64,5.64,5.38
6/26/12,5.44,10162480,5.44,5.5,5.39
6/27/12,5.5,8999058,5.47,5.53,5.4
6/28/12,5.41,11533810,5.45,5.47,5.32
6/29/12,5.73,20963440,5.59,5.73,5.575
7/2/12,5.75,11156280,5.75,5.78,5.66
7/3/12,6.03,11319310,5.78,6.08,5.77
7/5/12,5.88,13353830,5.8,5.98,5.79
7/6/12,5.75,9952311,5.8,5.825,5.68
7/9/12,5.62,13368600,5.69,5.78,5.61
7/10/12,4.99,75463720,5.08,5.4,4.95
7/11/12,4.89,16126990,5.02,5.04,4.86
7/12/12,4.88,19880400,4.85,4.96,4.81
7/13/12,4.9,15543640,4.89,4.95,4.83
7/16/12,4.83,14790560,4.85,4.87,4.74
7/17/12,4.87,14271170,4.85,4.93,4.71
7/18/12,4.89,15849400,4.83,5.02,4.76
7/19/12,4.86,27560620,4.93,5.07,4.82
7/20/12,4.22,52266960,4.62,4.62,4.2
7/23/12,4.15,22162020,4.15,4.16,4.03
7/24/12,4.06,20998790,4.18,4.2,4
7/25/12,4.01,20282480,4.11,4.15,3.98
7/26/12,4.04,11234010,4.05,4.09,4
7/27/12,4.09,13867360,4.09,4.12,4.02
7/30/12,4.1,9535446,4.08,4.13,4.06
7/31/12,4.06,13540520,4.09,4.15,4.05
8/1/12,4.05,16230060,4.09,4.15,3.99
8/2/12,3.97,15798230,4.03,4.12,3.89
8/3/12,4.09,8352180,4.01,4.1,3.98
8/6/12,4.01,18011420,4.1,4.12,3.95
8/7/12,4.02,17095010,4.04,4.12,4.01
8/8/12,4.4,52638710,4.05,4.47,4.03
8/9/12,4.37,23039110,4.41,4.41,4.23
8/10/12,4.34,7842579,4.23,4.37,4.22
8/13/12,4.26,12803110,4.31,4.32,4.21
8/14/12,4.12,13190080,4.31,4.35,4.11
8/15/12,4.19,10406540,4.11,4.23,4.1
8/16/12,4.17,12980050,4.19,4.24,4.13
8/17/12,4.1,9228056,4.17,4.2,4.08
8/20/12,4.09,17269560,4.1,4.1,3.98
8/21/12,4.07,15997430,4.1,4.18,4.03
8/22/12,4.01,17671650,4.05,4.05,3.96
8/23/12,3.9,24401700,3.98,3.98,3.88
8/24/12,3.94,12557210,3.88,3.95,3.85
8/27/12,3.85,13057560,3.95,3.95,3.82
8/28/12,3.79,14469050,3.84,3.88,3.75
8/29/12,3.77,9992176,3.8,3.84,3.76
8/30/12,3.7,12146750,3.75,3.8,3.7
8/31/12,3.72,23642580,3.77,3.78,3.6
9/4/12,3.64,16155900,3.69,3.71,3.6
9/5/12,3.51,34252850,3.57,3.63,3.43
9/6/12,3.66,19926160,3.55,3.66,3.53
9/7/12,3.45,31013890,3.62,3.62,3.43
9/10/12,3.47,32407060,3.49,3.59,3.46
9/11/12,3.75,33063270,3.52,3.77,3.48
9/12/12,3.89,50271140,3.83,3.92,3.75
9/13/12,3.92,38354580,3.82,3.94,3.745
9/14/12,3.9,23584920,3.96,3.99,3.85
9/17/12,4.01,41814760,3.9,4.02,3.82
9/18/12,3.62,91237480,3.7,3.9,3.6
9/19/12,3.66,31301500,3.66,3.71,3.58
9/20/12,3.59,20835820,3.64,3.66,3.59
9/21/12,3.6,20223350,3.63,3.68,3.58
9/24/12,3.46,23694330,3.54,3.55,3.45
9/25/12,3.28,29230920,3.48,3.5,3.28
9/26/12,3.32,22939920,3.27,3.42,3.22
9/27/12,3.43,19540370,3.36,3.5,3.34
9/28/12,3.37,15547070,3.43,3.44,3.35
10/1/12,3.28,25037940,3.39,3.41,3.26
10/2/12,3.27,27001310,3.3,3.41,3.17
10/3/12,3.12,27758820,3.28,3.29,3.1
10/4/12,3.22,23216340,3.17,3.25,3.09
10/5/12,3.22,11212400,3.24,3.28,3.17
10/8/12,3.19,9895975,3.21,3.24,3.15
10/9/12,3.25,19684490,3.18,3.26,3.15
10/10/12,3.15,19222870,3.22,3.22,3.13
10/11/12,3.2,17918280,3.19,3.24,3.13
10/12/12,2.74,83828050,2.86,2.9935,2.74
10/15/12,2.75,26699890,2.79,2.83,2.73
10/16/12,2.68,38359990,2.765,2.78,2.66
10/17/12,2.77,32945060,2.66,2.8,2.64
10/18/12,2.62,35493700,2.76,2.78,2.6
10/19/12,2.18,109868000,2.54,2.62,2.17
10/22/12,2.1,37922450,2.23,2.23,2.09
10/23/12,2.14,33484450,2.06,2.21,2.03
10/24/12,2.08,37302410,2.17,2.22,2.06
10/25/12,2.12,21975150,2.1,2.15,2.07
10/26/12,2.07,9999999,2.13,2.14,2.06
10/31/12,2.05,17426300,2.13,2.14,2.05
11/1/12,2.14,21768770,2.07,2.14,2.05
11/2/12,2.1,20666080,2.15,2.15,2.07
11/5/12,2.11,21060460,2.1,2.12,2.06
11/6/12,2.07,24026720,2.12,2.14,2.06
11/7/12,2.01,29993900,2.07,2.1,2.01
11/8/12,1.98,35814760,2.03,2.06,1.96
11/9/12,2.03,39581930,2,2.07,1.97
11/12/12,1.99,15927330,2.04,2.06,1.99
11/13/12,2.09,59880080,1.98,2.35,1.97
11/14/12,1.93,40033280,2.04,2.05,1.92
11/15/12,1.87,20233830,1.93,1.93,1.86
11/16/12,1.86,23501230,1.87,1.9,1.81
11/19/12,1.92,18753360,1.9,1.95,1.89
11/20/12,1.88,11636230,1.92,1.92,1.86
11/21/12,1.87,7524664,1.89,1.92,1.86
11/23/12,1.95,8567478,1.92,1.97,1.92
11/26/12,1.87,30140180,1.96,1.97,1.84
11/27/12,1.88,22728900,1.87,1.89,1.85
11/28/12,1.96,27456800,1.88,1.99,1.86
11/29/12,2.04,42744010,2.01,2.12,2.01
11/30/12,2.2,66866360,2.16,2.22,2.11
12/3/12,2.36,70138500,2.28,2.46,2.26
12/4/12,2.26,52162400,2.48,2.48,2.21
12/5/12,2.29,20377720,2.3,2.32,2.245
12/6/12,2.34,22210320,2.33,2.39,2.27
12/7/12,2.36,34201720,2.38,2.39,2.29
12/10/12,2.32,10015460,2.35,2.39,2.31
12/11/12,2.33,14742230,2.34,2.36,2.3
12/12/12,2.37,24563110,2.37,2.44,2.36
12/13/12,2.41,25054360,2.4,2.44,2.38
12/14/12,2.3904,16552820,2.43,2.44,2.39
12/17/12,2.46,15273240,2.41,2.46,2.39
12/18/12,2.52,26622240,2.5,2.53,2.47
12/19/12,2.52,20243640,2.55,2.57,2.49
12/20/12,2.4,24791160,2.53,2.53,2.37
12/21/12,2.59,40763190,2.33,2.59,2.25
12/24/12,2.48,9625363,2.54,2.57,2.47
12/26/12,2.43,12773270,2.49,2.53,2.42
12/27/12,2.39,18482900,2.42,2.43,2.34
12/28/12,2.28,26208380,2.3,2.36,2.25
12/31/12,2.4,20588510,2.29,2.42,2.28
1/2/13,2.53,27182840,2.55,2.57,2.45
1/3/13,2.49,24949150,2.52,2.59,2.46
1/4/13,2.59,22040260,2.51,2.59,2.49
1/7/13,2.67,25550470,2.61,2.7,2.6
1/8/13,2.67,29134010,2.72,2.76,2.64
1/9/13,2.63,16659390,2.7,2.72,2.6
1/10/13,2.62,19404770,2.69,2.7,2.61
1/11/13,2.67,20019960,2.63,2.68,2.55
1/14/13,2.64,17299210,2.68,2.7,2.62
1/15/13,2.68,23686080,2.62,2.7,2.6
1/16/13,2.72,31361790,2.67,2.76,2.63
1/17/13,2.74,17725820,2.76,2.78,2.71
1/18/13,2.46,41573190,2.65,2.68,2.43
1/22/13,2.45,35078810,2.52,2.54,2.43
1/23/13,2.73,69135820,2.62,2.75,2.586
1/24/13,2.79,32477290,2.7,2.84,2.67
1/25/13,2.85,33571660,2.84,2.93,2.82
1/28/13,2.82,23608530,2.89,2.92,2.78
1/29/13,2.74,20070080,2.86,2.86,2.69
1/30/13,2.65,19701610,2.75,2.78,2.63
1/31/13,2.6,27846130,2.7,2.71,2.45
2/1/13,2.6,18802500,2.63,2.68,2.57
2/4/13,2.52,15378210,2.63,2.64,2.52
2/5/13,2.6,12406710,2.55,2.6,2.49
2/6/13,2.6,8827923,2.59,2.64,2.56
2/7/13,2.57,6778847,2.61,2.63,2.56
2/8/13,2.59,5971768,2.58,2.6,2.58
2/11/13,2.67,22406330,2.59,2.7,2.59
2/12/13,2.77,13672940,2.705,2.78,2.69
2/13/13,2.75,11478990,2.81,2.83,2.73
2/14/13,2.75,13283770,2.74,2.75,2.69
2/15/13,2.71,10700180,2.77,2.79,2.7
2/19/13,2.82,19797600,2.75,2.82,2.73
2/20/13,2.7,21240660,2.84,2.84,2.68
2/21/13,2.6,30775710,2.69,2.69,2.52
2/22/13,2.61,20232000,2.64,2.67,2.55
2/25/13,2.53,16846650,2.64,2.65,2.53
2/26/13,2.46,17509870,2.54,2.545,2.44
2/27/13,2.53,10651780,2.48,2.55,2.45
2/28/13,2.49,11360640,2.56,2.57,2.48
3/1/13,2.42,19686110,2.5,2.51,2.42
3/4/13,2.4,14564980,2.44,2.45,2.36
3/5/13,2.43,13934050,2.45,2.47,2.4
3/6/13,2.43,10834530,2.45,2.46,2.4
3/7/13,2.55,21069350,2.44,2.57,2.43
3/8/13,2.56,11322140,2.57,2.6409,2.52
3/11/13,2.59,13393250,2.57,2.6038,2.51
3/12/13,2.61,9499486,2.59,2.63,2.57
3/13/13,2.6,7482024,2.62,2.63,2.57
3/14/13,2.63,9201910,2.62,2.63,2.58
3/15/13,2.6,15795460,2.6,2.62,2.58
3/18/13,2.65,12991700,2.59,2.68,2.55
3/19/13,2.67,19313770,2.66,2.7,2.62
3/20/13,2.75,13497660,2.7,2.75,2.69
3/21/13,2.64,17021520,2.73,2.75,2.63
3/22/13,2.54,18344850,2.66,2.67,2.53
3/25/13,2.51,11252750,2.57,2.6,2.49
3/26/13,2.54,6327445,2.52,2.54,2.5
3/27/13,2.55,5892635,2.5,2.6182,2.5
3/28/13,2.55,4868149,2.55,2.57,2.52
4/1/13,2.44,14441960,2.54,2.57,2.42
4/2/13,2.39,11371700,2.445,2.45,2.38
4/3/13,2.32,14432910,2.4,2.41,2.32
4/4/13,2.33,11177490,2.34,2.37,2.32
4/5/13,2.29,13724940,2.3,2.31,2.28
4/8/13,2.59,44634880,2.31,2.61,2.26
4/9/13,2.63,33858820,2.58,2.63,2.44
4/10/13,2.61,20683570,2.65,2.66,2.57
4/11/13,2.52,12900320,2.55,2.57,2.46
4/12/13,2.48,10712680,2.5,2.5,2.43
4/15/13,2.4,11521920,2.45,2.465,2.4
4/16/13,2.44,10952760,2.43,2.44,2.4
4/17/13,2.4,14815590,2.41,2.47,2.4
4/18/13,2.51,27061850,2.4,2.56,2.2887
4/19/13,2.47,25033800,2.44,2.5,2.39
4/22/13,2.46,14131640,2.47,2.51,2.43
4/23/13,2.53,14550350,2.5,2.55,2.47
4/24/13,2.61,16536670,2.54,2.62,2.5222
4/25/13,2.68,20951070,2.63,2.72,2.63
4/26/13,2.64,17303460,2.66,2.68,2.6
4/29/13,2.68,11207410,2.66,2.7,2.65
4/30/13,2.82,32626890,2.68,2.82,2.67
5/1/13,3.22,87945000,2.81,3.28,2.79
5/2/13,3.41,74122270,3.16,3.48,3.14
5/3/13,3.6,87224240,3.47,3.8,3.47
5/6/13,3.61,51331770,3.72,3.75,3.53
5/7/13,3.54,35304790,3.65,3.669,3.44
5/8/13,3.83,56980220,3.54,3.85,3.47
5/9/13,3.86,47161000,3.91,3.99,3.83
5/10/13,3.95,30558920,3.79,3.97,3.79
5/13/13,4.17,54834820,3.95,4.22,3.94
5/14/13,4.26,53210220,4.31,4.32,4.18
5/15/13,4.38,38997120,4.29,4.42,4.26
5/16/13,3.83,80160760,3.9,3.94,3.66
5/17/13,4.07,33913210,3.93,4.095,3.9
5/20/13,4.1,35421350,4.18,4.2,4.07
5/21/13,4.02,36495720,4.15,4.2,3.95
5/22/13,3.96,28730530,4.08,4.1,3.91
5/23/13,4.01,33122590,3.81,4.05,3.79
5/24/13,4.05,20615720,4.03,4.06,3.97
5/28/13,4.05,19582310,4.13,4.15,4.02
5/29/13,3.98,16247910,4.01,4.05,3.96
5/30/13,4.04,14663850,4,4.06,3.99
5/31/13,4,17653310,4.07,4.11,3.99
6/3/13,3.96,23924130,4.02,4.03,3.81
6/4/13,4.01,19587700,3.95,4.04,3.94
6/5/13,3.91,15404510,4.01,4.03,3.89
6/6/13,3.94,20824780,3.87,3.94,3.81
6/7/13,3.91,12020510,3.98,3.99,3.875
6/10/13,4.06,32305060,3.95,4.08,3.92
6/11/13,3.96,20168750,4,4.11,3.96
6/12/13,3.9,14594450,4,4.03,3.9
6/13/13,3.95,14191750,3.9,3.96,3.87
6/14/13,3.94,14365370,3.98,4.04,3.91
6/17/13,4.05,31946270,4.12,4.14,4.015
6/18/13,4.09,22809920,4.1,4.11,4.05
6/19/13,4.07,24142850,4.15,4.18,4.04
6/20/13,3.87,26588540,4.02,4.03,3.86
6/21/13,4,32682550,3.97,4.04,3.9
6/24/13,4.05,29053820,4.07,4.09,3.99
6/25/13,4.15,26645810,4.11,4.15,4.06
6/26/13,4.14,19779510,4.2,4.21,4.1207
6/27/13,4.08,17396430,4.19,4.19,4.06
6/28/13,4.08,13310900,4.08,4.12,4.02
7/1/13,4.1,10681190,4.11,4.13,4.07
7/2/13,3.97,17712730,4.09,4.12,3.95
7/3/13,4.06,11320780,4,4.07,3.955
7/5/13,4.07,8965372,4.08,4.1,4.03
7/8/13,4,16894910,4.08,4.085,3.98
7/9/13,4.05,9550119,4.02,4.08,4.01
7/10/13,3.98,19120120,4.06,4.06,3.96
7/11/13,4.45,106792000,4.215,4.45,4.16
7/12/13,4.32,50248310,4.48,4.5,4.26
7/15/13,4.4,21864270,4.34,4.4,4.31
7/16/13,4.43,39672880,4.41,4.49,4.25
7/17/13,4.38,16926150,4.44,4.45,4.33
7/18/13,4.64,69380920,4.38,4.65,4.37
7/19/13,4.03,151446600,3.99,4.08,3.85
7/22/13,3.9,49758410,4.005,4.01,3.885
7/23/13,3.66,76717500,3.88,3.88,3.64
7/24/13,3.63,50766260,3.69,3.75,3.58
7/25/13,3.7,29221360,3.64,3.74,3.6
7/26/13,3.82,42510640,3.7,3.83,3.66
7/29/13,3.75,32247460,3.87,3.89,3.75
7/30/13,3.82,19591600,3.79,3.85,3.75
7/31/13,3.77,34249330,3.85,3.9,3.77
8/1/13,3.81,22216020,3.81,3.87,3.78
8/2/13,3.8,13411720,3.8,3.84,3.77
8/5/13,3.82,11674230,3.83,3.84,3.8
8/6/13,3.72,19355480,3.81,3.82,3.71
8/7/13,3.69,27522380,3.68,3.7,3.57
8/8/13,3.71,16942080,3.71,3.73,3.61
8/9/13,3.65,13656330,3.69,3.7,3.63
8/12/13,3.65,10583220,3.615,3.72,3.61
8/13/13,3.69,12294260,3.67,3.71,3.63
8/14/13,3.82,32032580,3.68,3.83,3.65
8/15/13,3.69,28169780,3.76,3.84,3.65
8/16/13,3.66,11606420,3.69,3.71,3.65
8/19/13,3.6,14351430,3.67,3.68,3.59
8/20/13,3.63,16627450,3.62,3.69,3.59
8/21/13,3.61,13950500,3.62,3.68,3.6
8/22/13,3.63,10071380,3.63,3.65,3.6
8/23/13,3.65,22448320,3.67,3.74,3.61
8/26/13,3.58,22444900,3.65,3.66,3.58
8/27/13,3.39,51610970,3.55,3.55,3.33
8/28/13,3.42,19453800,3.35,3.49,3.33
8/29/13,3.38,13385160,3.43,3.48,3.37
8/30/13,3.27,31670370,3.38,3.41,3.25
9/3/13,3.27,15531500,3.32,3.35,3.25
9/4/13,3.31,29565950,3.28,3.34,3.25
9/5/13,3.41,23054970,3.32,3.49,3.3
9/6/13,3.57,35940790,3.54,3.6,3.43
9/9/13,3.69,23618720,3.63,3.72,3.62
9/10/13,3.87,33176450,3.78,3.87,3.77
9/11/13,3.82,23851520,3.87,3.89,3.7367
9/12/13,3.75,28776030,3.76,3.8,3.69
9/13/13,3.83,25278500,3.75,3.87,3.72
9/16/13,3.82,30593060,3.9,3.9,3.79
9/17/13,3.85,25590720,3.83,3.9,3.77
9/18/13,3.93,24046270,3.85,3.95,3.83
9/19/13,3.95,24246040,3.96,4,3.915
9/20/13,3.83,94516030,3.91,3.96,3.79
9/23/13,3.79,20901540,3.81,3.87,3.77
9/24/13,3.8,21396920,3.79,3.89,3.75
9/25/13,3.91,23539760,3.82,3.94,3.79
9/26/13,3.89,17437210,3.94,3.98,3.88
9/27/13,3.86,11405380,3.87,3.91,3.83
9/30/13,3.81,16543420,3.79,3.86,3.75
10/1/13,3.86,26000870,3.82,3.94,3.81
10/2/13,3.9,18561830,3.83,3.94,3.82
10/3/13,3.9,25488340,3.93,3.94,3.86
10/4/13,3.91,17112130,3.91,3.95,3.89
10/7/13,3.86,16709040,3.87,3.91,3.83
10/8/13,3.72,35876760,3.87,3.89,3.68
10/9/13,3.65,35989690,3.75,3.75,3.55
10/10/13,3.79,23997960,3.72,3.8,3.72
10/11/13,3.83,17338270,3.78,3.85,3.75
10/14/13,3.97,63562310,3.87,4.05,3.85
10/15/13,4.02,51935420,4.03,4.1,4.01
10/16/13,4.09,34002480,4.1,4.1,4.025
10/17/13,4.09,44369980,4.12,4.13,4.06
10/18/13,3.53,108447900,3.56,3.66,3.51
10/21/13,3.37,68808010,3.56,3.56,3.3
10/22/13,3.18,92413090,3.32,3.34,3.12
10/23/13,3.14,65916630,3.2,3.25,3.04
10/24/13,3.23,42953530,3.205,3.3,3.16
10/25/13,3.34,43314200,3.29,3.39,3.29
10/28/13,3.32,23720140,3.38,3.39,3.32
10/29/13,3.33,15791100,3.34,3.37,3.32
10/30/13,3.3,16149680,3.35,3.36,3.3
10/31/13,3.34,18007040,3.31,3.35,3.25
11/1/13,3.31,14398660,3.37,3.37,3.3
11/4/13,3.32,16682520,3.34,3.38,3.29
11/5/13,3.33,13980280,3.32,3.35,3.29
11/6/13,3.32,15034500,3.33,3.35,3.3
11/7/13,3.28,18817240,3.33,3.33,3.23
11/8/13,3.27,12038640,3.26,3.29,3.2
11/11/13,3.34,12981290,3.29,3.34,3.25
11/12/13,3.44,20070950,3.34,3.45,3.33
11/13/13,3.54,28886180,3.5,3.55,3.46
11/14/13,3.52,15110240,3.55,3.57,3.47
11/15/13,3.5,11570830,3.53,3.53,3.48
11/18/13,3.47,13048630,3.53,3.54,3.47
11/19/13,3.42,20115540,3.46,3.48,3.36
11/20/13,3.42,9913561,3.44,3.46,3.4
11/21/13,3.37,13646250,3.43,3.44,3.35
11/22/13,3.34,11296940,3.38,3.39,3.325
11/25/13,3.39,11562630,3.36,3.4,3.34
11/26/13,3.45,16956760,3.42,3.48,3.4
11/27/13,3.56,19861240,3.475,3.58,3.46
11/29/13,3.64,15448410,3.6,3.68,3.58
12/2/13,3.66,24093160,3.65,3.7,3.56
12/3/13,3.62,23323170,3.64,3.71,3.58
12/4/13,3.57,21608240,3.57,3.63,3.48
12/5/13,3.64,14421130,3.56,3.65,3.55
12/6/13,3.66,15793610,3.67,3.7,3.63
12/9/13,3.63,10449820,3.66,3.7,3.63
12/10/13,3.72,29549780,3.63,3.78,3.6
12/11/13,3.68,13428020,3.74,3.77,3.66
12/12/13,3.69,9950604,3.68,3.75,3.645
12/13/13,3.69,9059569,3.7,3.72,3.6467
12/16/13,3.59,22204680,3.64,3.66,3.51
12/17/13,3.65,14823530,3.6,3.67,3.58
12/18/13,3.65,12621370,3.64,3.67,3.6
12/19/13,3.65,10418340,3.64,3.68,3.5959
12/20/13,3.69,12762650,3.64,3.7,3.64
12/23/13,3.75,14494760,3.74,3.78,3.72
12/24/13,3.77,5798855,3.77,3.8,3.75
12/26/13,3.8,9875522,3.8,3.85,3.79
12/27/13,3.78,8236660,3.82,3.829,3.76
12/30/13,3.85,17432700,3.79,3.88,3.78
12/31/13,3.87,12347840,3.87,3.88,3.83
1/2/14,3.95,20548430,3.85,3.98,3.84
1/3/14,4,22887160,3.98,4,3.88
1/6/14,4.13,42388340,4.01,4.18,3.99
1/7/14,4.18,42930940,4.19,4.25,4.11
1/8/14,4.18,30678740,4.23,4.26,4.14
1/9/14,4.09,30667580,4.2,4.23,4.05
1/10/14,4.17,20840770,4.09,4.2,4.07
1/13/14,4.13,22856060,4.19,4.2,4.09
1/14/14,4.3,42434780,4.14,4.3,4.13
1/15/14,4.47,66603880,4.34,4.6,4.32
1/16/14,4.38,46975590,4.5,4.51,4.32
1/17/14,4.18,45842720,4.15,4.35,4.11
1/21/14,4.17,58180190,4.31,4.34,4.13
1/22/14,3.67,86329010,3.79,3.82,3.66
1/23/14,3.62,29841660,3.67,3.68,3.58
1/24/14,3.47,48321490,3.6,3.61,3.41
1/27/14,3.41,31330130,3.48,3.49,3.35
1/28/14,3.54,27959420,3.43,3.57,3.41
1/29/14,3.48,21765000,3.52,3.56,3.45
1/30/14,3.48,17111230,3.51,3.52,3.45
1/31/14,3.43,13602150,3.45,3.47,3.43
2/3/14,3.33,22278150,3.43,3.44,3.33
2/4/14,3.37,22681000,3.35,3.43,3.3
2/5/14,3.31,14858900,3.36,3.37,3.2915
2/6/14,3.41,16072860,3.32,3.46,3.32
2/7/14,3.47,23135300,3.46,3.5,3.42
2/10/14,3.63,21241120,3.5,3.64,3.45
2/11/14,3.7,34198080,3.66,3.75,3.65
2/12/14,3.69,18321310,3.71,3.73,3.63
2/13/14,3.7,13368550,3.64,3.71,3.64
2/14/14,3.69,12405900,3.7,3.72,3.64
2/18/14,3.7,11956700,3.69,3.72,3.65
2/19/14,3.72,14175530,3.7,3.74,3.68
2/20/14,3.69,13276080,3.72,3.75,3.66
2/21/14,3.69,13606810,3.71,3.75,3.66
2/24/14,3.71,10717900,3.71,3.73,3.7
2/25/14,3.69,9173451,3.73,3.735,3.66
2/26/14,3.7,13211680,3.7,3.72,3.63
2/27/14,3.71,18218050,3.69,3.77,3.68
2/28/14,3.71,14643240,3.73,3.77,3.7
3/3/14,3.67,19555810,3.66,3.7,3.6
3/4/14,3.7,10516100,3.7,3.73,3.68
3/5/14,3.71,10740170,3.7,3.73,3.69
3/6/14,3.73,10706080,3.72,3.745,3.71
3/7/14,3.95,55435800,3.75,4.02,3.75
3/10/14,3.81,42134890,4.04,4.06,3.8
3/11/14,3.85,34951440,3.86,4.01,3.83
3/12/14,3.91,14690990,3.86,3.93,3.85
3/13/14,3.86,19770480,3.94,3.99,3.84
3/14/14,3.85,18161540,3.84,3.9,3.82
3/17/14,3.8,19914580,3.88,3.91,3.78
3/18/14,3.89,15266520,3.82,3.91,3.81
3/19/14,3.98,28453300,3.91,4,3.9
3/20/14,4.05,23564500,3.96,4.05,3.9
3/21/14,4.04,23860830,4.07,4.14,4.01
3/24/14,4.05,20669450,4.05,4.14,3.98
3/25/14,4.05,14384080,4.09,4.12,4.02
3/26/14,4.05,14799680,4.08,4.1,4.02
3/27/14,3.91,24502100,3.99,4.07,3.87
3/28/14,3.88,13183890,3.93,3.97,3.87
3/31/14,4.01,15380930,3.93,4.02,3.9
4/1/14,4.07,18711230,4.04,4.1,4.02
4/2/14,4.06,14834590,4.12,4.12,4.06
4/3/14,4,16780420,4.07,4.1,3.97
4/4/14,4.01,23367050,4.03,4.11,3.92
4/7/14,3.88,24800580,3.98,3.99,3.83
4/8/14,3.99,17339070,3.89,4,3.83
4/9/14,3.98,11268830,4.01,4.02,3.95
4/10/14,3.85,21348820,3.97,4.01,3.84
4/11/14,3.65,34356490,3.82,3.85,3.65
4/14/14,3.71,22735060,3.72,3.78,3.65
4/15/14,3.79,21694140,3.74,3.82,3.715
4/16/14,3.76,18078410,3.81,3.83,3.73
4/17/14,3.69,31447520,3.78,3.795,3.69
4/21/14,4.12,102353000,4.01,4.2,3.955
4/22/14,4.3,52698840,4.13,4.31,4.11
4/23/14,4.25,29085050,4.28,4.3,4.155
4/24/14,4.28,27517350,4.27,4.35,4.2
4/25/14,4.05,37672140,4.22,4.26,4.04
4/28/14,3.96,31637530,4.09,4.12,3.87
4/29/14,4.03,14580940,4.02,4.03,3.96
4/30/14,4.09,18232920,4,4.1,3.99
5/1/14,4.2,37749160,4.13,4.24,4.1
5/2/14,4.12,14468610,4.17,4.2,4.1
5/5/14,4.09,8978250,4.1,4.14,4.06
5/6/14,4.01,17897310,4.06,4.13,3.98
5/7/14,3.97,22366630,4.04,4.04,3.89
5/8/14,3.93,14543560,3.95,4.03,3.91
5/9/14,3.87,15971590,3.91,3.93,3.85
5/12/14,3.97,14783080,3.87,4,3.86
5/13/14,4.03,11212280,3.99,4.09,3.98
5/14/14,3.98,10349620,4.03,4.06,3.98
5/15/14,3.96,18000880,3.96,3.98,3.89
5/16/14,4.02,17130980,3.95,4.05,3.91
5/19/14,4.09,18171030,4,4.1,3.96
5/20/14,4.05,15645960,4.09,4.11,4
5/21/14,4.1,13369480,4.06,4.1,4.05
5/22/14,4.01,11869430,4.09,4.09,4.01
5/23/14,4.02,9800173,4.03,4.06,3.97
5/27/14,4.04,6911519,4.05,4.06,4.03
5/28/14,4,12290070,4.04,4.06,3.99
5/29/14,4.03,8876228,4.02,4.06,4.01
5/30/14,4,10030640,4.02,4.03,3.98
6/2/14,3.97,10859500,4.03,4.03,3.94
6/3/14,3.94,10842550,3.96,3.975,3.92
6/4/14,4.04,13257420,3.93,4.05,3.93
6/5/14,4.08,13700100,4.04,4.09,4.02
6/6/14,4.06,8465954,4.09,4.11,4.06
6/9/14,4.07,7596192,4.05,4.1,4.04
6/10/14,4.2,28302000,4.1,4.23,4.1
6/11/14,4.29,20579550,4.18,4.3,4.17
6/12/14,4.29,26616090,4.33,4.44,4.28
6/13/14,4.28,17726290,4.36,4.39,4.24
6/16/14,4.44,26172210,4.26,4.44,4.26
6/17/14,4.47,19406680,4.41,4.5,4.41
6/18/14,4.4,14680460,4.5,4.5,4.35
6/19/14,4.36,10879400,4.42,4.45,4.33
6/20/14,4.1,54668490,4.34,4.37,4.07
6/23/14,4.01,49632800,4.06,4.075,3.9
6/24/14,3.94,20367790,4.005,4.07,3.93
6/25/14,3.96,13807700,3.95,4,3.94
6/26/14,4.03,21558880,3.95,4.09,3.94
6/27/14,4.11,15809510,4.06,4.11,4.04
6/30/14,4.19,25850240,4.12,4.25,4.08
7/1/14,4.22,29280230,4.21,4.26,4.17
7/2/14,4.34,20325220,4.23,4.35,4.22
7/3/14,4.24,22521690,4.36,4.4,4.14
7/7/14,4.26,21165500,4.23,4.31,4.21
7/8/14,4.22,41601520,4.25,4.3,4.1
7/9/14,4.23,18458970,4.21,4.29,4.2
7/10/14,4.29,39243940,4.18,4.36,4.14
7/11/14,4.37,22304540,4.3,4.4,4.29
7/14/14,4.64,72964740,4.44,4.65,4.39
7/15/14,4.53,156094200,4.63,4.8,4.41
7/16/14,4.66,61560630,4.6,4.77,4.57
7/17/14,4.57,48897820,4.66,4.68,4.5
7/18/14,3.83,137034500,3.73,3.84,3.67
7/21/14,3.78,34111500,3.86,3.87,3.75
7/22/14,3.8,33652040,3.82,3.86,3.78
7/23/14,3.76,31619010,3.82,3.83,3.75
7/24/14,3.73,27808530,3.75,3.8,3.71
7/25/14,3.76,31603430,3.73,3.79,3.69
7/28/14,3.73,31418900,3.77,3.78,3.68
7/29/14,3.79,35962510,3.74,3.84,3.73
7/30/14,3.82,42863020,3.82,3.88,3.77
7/31/14,3.91,111968600,3.8,3.99,3.78
8/1/14,3.97,33526870,3.91,4.015,3.87
8/4/14,4,21361900,3.97,4.02,3.93
8/5/14,4.08,40329770,3.99,4.11,3.97
8/6/14,4.12,16271150,4.06,4.14,4.03
8/7/14,4.1,32710980,4.14,4.1997,4.07
8/8/14,4.12,27166950,4.1,4.15,4.05
8/11/14,4.14,29560460,4.03,4.19,3.99
8/12/14,4.08,27350150,4.12,4.14,4.08
8/13/14,4.11,30396790,4.08,4.15,4.03
8/14/14,4.08,26147060,4.1,4.17,4.075
8/15/14,4.13,33349190,4.12,4.14,4.07
8/18/14,4.21,45381080,4.14,4.22,4.14
8/19/14,4.27,23201470,4.2,4.3,4.2
8/20/14,4.28,11986560,4.25,4.32,4.22
8/21/14,4.24,11937900,4.29,4.29,4.21
8/22/14,4.25,8364666,4.22,4.28,4.21
8/25/14,4.18,8998241,4.27,4.27,4.18
8/26/14,4.19,9169418,4.17,4.22,4.13
8/27/14,4.16,7304374,4.2,4.21,4.15
8/28/14,4.14,10331440,4.14,4.19,4.07
8/29/14,4.17,7329811,4.15,4.19,4.14
9/2/14,4.16,12588260,4.16,4.25,4.15
9/3/14,4.19,9596869,4.17,4.23,4.17
9/4/14,4.15,12790300,4.185,4.25,4.15
9/5/14,4.15,6630243,4.17,4.19,4.15
9/8/14,4.13,8396168,4.13,4.18,4.1
9/9/14,4.08,8950417,4.15,4.16,4.08
9/10/14,4.08,13276840,4.08,4.11,4.01
9/11/14,4.08,8086371,4.03,4.08,4.02
9/12/14,3.96,14120910,4.06,4.11,3.96
9/15/14,3.91,18257030,3.98,4.02,3.9
9/16/14,3.81,40019180,3.89,3.9,3.795
9/17/14,3.82,24880130,3.82,3.88,3.8
9/18/14,3.88,16059280,3.88,3.94,3.695
9/19/14,3.81,22716630,3.93,3.94,3.81
9/22/14,3.76,14201380,3.81,3.83,3.75
9/23/14,3.69,16277180,3.76,3.79,3.69
9/24/14,3.7,11694850,3.71,3.75,3.69
9/25/14,3.63,17506030,3.7,3.72,3.6
9/26/14,3.6,12829230,3.63,3.67,3.6
9/29/14,3.55,26832500,3.56,3.66,3.54
9/30/14,3.41,55675210,3.56,3.58,3.4
10/1/14,3.35,33645920,3.39,3.42,3.3
10/2/14,3.39,27631990,3.37,3.44,3.28
10/3/14,3.4,16754590,3.43,3.46,3.37
10/6/14,3.36,17862280,3.415,3.44,3.3
10/7/14,3.28,17538010,3.35,3.38,3.28
10/8/14,3.28,27327850,3.3,3.3052,3.18
10/9/14,2.95,69483640,3.03,3.2,2.94
10/10/14,2.72,40991890,2.95,2.95,2.71
10/13/14,2.74,38102460,2.78,2.845,2.73
10/14/14,2.62,39925880,2.61,2.75,2.6
10/15/14,2.61,36155290,2.62,2.705,2.54
10/16/14,2.64,38604690,2.56,2.715,2.54
10/17/14,2.72,75804630,2.67,2.86,2.66
10/20/14,2.67,28699850,2.791,2.795,2.6
10/21/14,2.77,24021120,2.695,2.78,2.68
10/22/14,2.64,23005310,2.79,2.795,2.64
10/23/14,2.69,23730660,2.68,2.71,2.6497
10/24/14,2.68,11945350,2.69,2.73,2.67
10/27/14,2.66,13296570,2.68,2.71,2.65
10/28/14,2.72,22875480,2.69,2.77,2.67
10/29/14,2.77,15600870,2.75,2.81,2.73
10/30/14,2.75,13287070,2.79,2.79,2.7
10/31/14,2.8,14693080,2.79,2.83,2.75
11/3/14,2.87,11733620,2.81,2.9,2.81
11/4/14,2.83,12524310,2.9,2.905,2.75
11/5/14,2.8,9633141,2.85,2.87,2.77
11/6/14,2.76,8929950,2.78,2.8,2.75
11/7/14,2.78,7292980,2.77,2.8,2.76
11/10/14,2.76,12591390,2.78,2.81,2.75
11/11/14,2.73,8113460,2.78,2.79,2.72
11/12/14,2.71,15858140,2.73,2.75,2.65
11/13/14,2.66,10908430,2.71,2.74,2.65
11/14/14,2.61,12345720,2.675,2.7,2.61
11/17/14,2.67,12591610,2.62,2.69,2.61
11/18/14,2.65,14956310,2.69,2.73,2.63
11/19/14,2.63,10318360,2.68,2.68,2.61
11/20/14,2.69,15043310,2.6,2.72,2.59
11/21/14,2.77,11310550,2.72,2.77,2.71
11/24/14,2.83,12292640,2.8,2.85,2.8
11/25/14,2.83,11071560,2.84,2.86,2.76
11/26/14,2.84,10553450,2.81,2.84,2.8
11/28/14,2.79,5665011,2.85,2.85,2.77
12/1/14,2.67,16013070,2.77,2.79,2.64
12/2/14,2.68,12437740,2.69,2.71,2.61
12/3/14,2.74,18256490,2.71,2.82,2.69
12/4/14,2.69,15538960,2.75,2.75,2.66
12/5/14,2.66,9445695,2.69,2.7,2.66
12/8/14,2.58,25392300,2.65,2.68,2.52
12/9/14,2.59,22918520,2.55,2.59,2.49
12/10/14,2.48,17683630,2.58,2.58,2.46
12/11/14,2.49,10149260,2.51,2.54,2.46
12/12/14,2.52,21209540,2.46,2.55,2.35
12/15/14,2.47,19624310,2.52,2.6,2.46
12/16/14,2.5,17049330,2.44,2.53,2.42
12/17/14,2.55,12521260,2.5,2.57,2.46
12/18/14,2.55,12396250,2.58,2.59,2.54
12/19/14,2.57,14681910,2.53,2.57,2.51
12/22/14,2.66,15029630,2.55,2.68,2.52
12/23/14,2.67,8276449,2.69,2.72,2.66
12/24/14,2.65,4624005,2.63,2.7,2.63
12/26/14,2.65,4025955,2.65,2.685,2.65
12/29/14,2.66,8526993,2.64,2.66,2.63
12/30/14,2.63,7779228,2.64,2.695,2.63
12/31/14,2.67,11176420,2.64,2.7,2.64
1/2/15,2.69,8308172,2.7,2.73,2.64
1/5/15,2.66,8836156,2.67,2.7,2.64
1/6/15,2.63,13916650,2.65,2.66,2.55
1/7/15,2.58,12373330,2.63,2.65,2.54
1/8/15,2.61,11128830,2.59,2.645,2.56
1/9/15,2.63,8907568,2.63,2.64,2.58
1/12/15,2.63,9970828,2.62,2.64,2.55
1/13/15,2.66,17886250,2.64,2.68,2.6
1/14/15,2.63,9986012,2.6,2.66,2.58
1/15/15,2.52,17718760,2.62,2.65,2.49
1/16/15,2.39,30172610,2.52,2.53,2.39
1/20/15,2.24,56671860,2.39,2.43,2.19
1/21/15,2.45,46522910,2.18,2.45,2.14
1/22/15,2.47,36166280,2.42,2.5,2.37
1/23/15,2.45,11104020,2.48,2.5,2.43
1/26/15,2.61,36557460,2.44,2.64,2.44
1/27/15,2.7,51802420,2.58,2.84,2.56
1/28/15,2.63,24777570,2.71,2.75,2.6
1/29/15,2.61,17790200,2.63,2.69,2.51
1/30/15,2.57,12908080,2.56,2.6,2.51
2/2/15,2.67,25623000,2.69,2.75,2.65
2/3/15,2.76,22588940,2.7,2.8,2.68
2/4/15,2.85,34828280,2.78,2.92,2.76
2/5/15,3.31,73180050,2.88,3.37,2.87
2/6/15,3.03,38132570,3.2,3.21,3
2/9/15,3.04,24111050,3.03,3.07,2.93
2/10/15,3.04,13955380,3.07,3.1,3.01
2/11/15,3.07,11739790,3.03,3.1,3
2/12/15,3.12,12972490,3.08,3.15,3.05
2/13/15,3.15,9585105,3.13,3.18,3.11
2/17/15,3.11,8674560,3.16,3.17,3.08
2/18/15,3.08,7282617,3.11,3.135,3.06
2/19/15,3.055,6565546,3.06,3.08,3.01
2/20/15,3.06,10667420,3.03,3.13,3.02
2/23/15,3.06,6318836,3.05,3.1,3.03
2/24/15,3.11,10901380,3.06,3.115,3.02
2/25/15,3.1,6151341,3.08,3.14,3.06
2/26/15,3.08,8680872,3.1,3.125,3.06
2/27/15,3.11,7149149,3.07,3.12,3.07
3/2/15,3.21,15629320,3.13,3.23,3.11
3/3/15,3.14,8644947,3.2,3.23,3.13
3/4/15,3.05,12113840,3.14,3.14,3.01
3/5/15,2.98,11471770,3.1,3.1,2.98
3/6/15,2.92,16785240,2.96,2.99,2.83
3/9/15,2.93,12262970,2.92,2.98,2.9
3/10/15,2.92,10276840,2.97,2.98,2.92
3/11/15,2.84,11750480,2.92,2.945,2.8
3/12/15,2.76,13825140,2.76,2.79,2.715
3/13/15,2.75,8098865,2.74,2.78,2.71
3/16/15,2.76,6130375,2.75,2.81,2.75
3/17/15,2.77,7741149,2.75,2.795,2.7399
3/18/15,2.75,11382790,2.77,2.82,2.72
3/19/15,2.74,8781601,2.76,2.78,2.73
3/20/15,2.8,10758700,2.76,2.8,2.74
3/23/15,2.84,7420847,2.81,2.85,2.8
3/24/15,2.79,8696232,2.85,2.85,2.76
3/25/15,2.63,26953530,2.78,2.79,2.56
3/26/15,2.65,28196150,2.59,2.7,2.53
3/27/15,2.72,16818630,2.7,2.8,2.63
3/30/15,2.7,8557807,2.73,2.76,2.655
3/31/15,2.68,7024181,2.66,2.7,2.65
4/1/15,2.69,11235510,2.66,2.75,2.65
4/2/15,2.69,7045863,2.66,2.7,2.65
4/6/15,2.7,8047911,2.68,2.73,2.68
4/7/15,2.7,5729175,2.7,2.74,2.69
4/8/15,2.71,4348785,2.68,2.74,2.68
4/9/15,2.72,7114736,2.69,2.75,2.69
4/10/15,2.76,6174922,2.74,2.78,2.73
4/13/15,2.78,8387343,2.76,2.8,2.73
4/14/15,2.67,13346730,2.77,2.79,2.65
4/15/15,2.7,15252720,2.7,2.74,2.65
4/16/15,2.87,28179120,2.72,2.94,2.7
4/17/15,2.575,53122450,2.535,2.58,2.45
4/20/15,2.49,29147160,2.56,2.57,2.45
4/21/15,2.35,31241710,2.53,2.53,2.35
4/22/15,2.28,27614960,2.35,2.36,2.25
4/23/15,2.33,15125260,2.28,2.36,2.26
4/24/15,2.3,14990940,2.36,2.38,2.3
4/27/15,2.34,13476680,2.3,2.36,2.29
4/28/15,2.31,11428850,2.36,2.37,2.31
4/29/15,2.28,11867040,2.3,2.33,2.27
4/30/15,2.26,11462370,2.28,2.31,2.26
5/1/15,2.31,11654300,2.26,2.31,2.25
5/4/15,2.31,9664705,2.31,2.36,2.3
5/5/15,2.28,12367660,2.34,2.34,2.25
5/6/15,2.29,18491600,2.29,2.305,2.24
5/7/15,2.32,15012520,2.32,2.32,2.26
5/8/15,2.31,9758803,2.33,2.36,2.3
5/11/15,2.32,10043790,2.31,2.35,2.31
5/12/15,2.35,10016600,2.32,2.35,2.3
5/13/15,2.37,7249043,2.36,2.38,2.35
5/14/15,2.33,8858710,2.38,2.39,2.33
5/15/15,2.32,8036913,2.33,2.38,2.32
5/18/15,2.35,4681622,2.35,2.36,2.33
5/19/15,2.28,9583275,2.36,2.37,2.28
5/20/15,2.32,6800595,2.3,2.33,2.28
5/21/15,2.28,7119698,2.31,2.35,2.28
5/22/15,2.28,12815880,2.3,2.31,2.27
5/26/15,2.22,10003490,2.27,2.28,2.22
5/27/15,2.28,17413660,2.24,2.28,2.2
5/28/15,2.27,12123430,2.28,2.33,2.27
5/29/15,2.28,7727023,2.27,2.32,2.25
6/1/15,2.25,6779356,2.29,2.3,2.25
6/2/15,2.3,7103022,2.26,2.3,2.25
6/3/15,2.28,8046887,2.3,2.32,2.28
6/4/15,2.33,11491820,2.28,2.33,2.26
6/5/15,2.33,7349656,2.31,2.34,2.29
6/8/15,2.31,6208936,2.31,2.33,2.29
6/9/15,2.29,12279660,2.35,2.36,2.28
6/10/15,2.32,8158497,2.31,2.35,2.3
6/11/15,2.32,7670984,2.34,2.35,2.31
6/12/15,2.31,4553446,2.31,2.33,2.3
6/15/15,2.32,8621427,2.32,2.35,2.29
6/16/15,2.35,9781194,2.32,2.37,2.32
6/17/15,2.47,27478700,2.37,2.54,2.35
6/18/15,2.52,25393210,2.5,2.59,2.48
6/19/15,2.58,25471000,2.53,2.59,2.46
6/22/15,2.62,19399200,2.61,2.67,2.58
6/23/15,2.61,17900880,2.62,2.64,2.55
6/24/15,2.62,17512840,2.6,2.66,2.5699
6/25/15,2.58,18345790,2.62,2.66,2.57
6/26/15,2.47,97045670,2.54,2.55,2.37
6/29/15,2.34,22845720,2.41,2.42,2.31
6/30/15,2.4,19368380,2.43,2.43,2.35
7/1/15,2.42,19358450,2.47,2.48,2.36
7/2/15,2.53,31176340,2.43,2.63,2.39
7/6/15,2.47,19882970,2.46,2.54,2.44
7/7/15,2.09,46356660,2.04,2.14,2.02
7/8/15,2.01,15111470,2.07,2.07,2.01
7/9/15,1.98,23364680,2.04,2.06,1.93
7/10/15,1.96,17493980,2,2.03,1.95
7/13/15,1.96,9049715,1.97,1.99,1.95
7/14/15,2.05,15809520,2.03,2.06,1.97
7/15/15,1.96,13509620,2.07,2.09,1.95
7/16/15,1.87,20489440,1.97,2,1.87
7/17/15,1.79,28115700,1.87,1.9,1.74
7/20/15,1.8,12126610,1.82,1.84,1.77
7/21/15,1.8,14982920,1.82,1.83,1.78
7/22/15,1.79,15993970,1.8,1.81,1.76
7/23/15,1.76,10612790,1.8,1.81,1.75
7/24/15,1.67,16042430,1.76,1.77,1.65
7/27/15,1.62,11907530,1.67,1.7,1.61
7/28/15,1.77,14587100,1.62,1.77,1.62
7/29/15,1.96,25426480,1.77,1.99,1.76
7/30/15,1.93,15837440,1.94,1.99,1.88
7/31/15,1.93,7732694,1.94,1.985,1.92
8/3/15,2.2,25929210,1.93,2.2,1.9
8/4/15,2.13,14281870,2.18,2.18,2.05
8/5/15,2.16,13235970,2.11,2.21,2.1
8/6/15,2.11,9475520,2.15,2.17,2.1
8/7/15,2.09,7666911,2.1,2.14,2.06
8/10/15,1.93,29750000,1.92,1.98,1.82
8/11/15,1.9,7470926,1.91,1.93,1.88
8/12/15,1.9,8524768,1.88,1.93,1.84
8/13/15,1.79,7838435,1.9,1.91,1.79
8/14/15,1.84,6182510,1.8,1.85,1.79
8/17/15,1.8,9048949,1.82,1.88,1.795
8/18/15,1.8,9751510,1.79,1.82,1.75
8/19/15,1.8,7441178,1.8,1.81,1.76
8/20/15,1.7,13745160,1.79,1.8,1.7
8/21/15,1.78,12518960,1.68,1.8,1.68
8/24/15,1.75,17217370,1.69,1.83,1.65
8/25/15,1.66,12073250,1.82,1.82,1.66
8/26/15,1.72,10708420,1.69,1.73,1.66
8/27/15,1.78,11834720,1.74,1.835,1.74
8/28/15,1.85,10921540,1.75,1.87,1.75
8/31/15,1.81,6513566,1.82,1.87,1.79
9/1/15,1.71,8446010,1.77,1.82,1.71
9/2/15,1.77,6302617,1.75,1.77,1.72
9/3/15,1.79,7154181,1.76,1.85,1.76
9/4/15,1.82,6723794,1.76,1.84,1.76
9/8/15,1.88,6009499,1.85,1.88,1.83
9/9/15,1.85,12606140,1.9,1.97,1.83
9/10/15,1.84,4290325,1.84,1.88,1.83
9/11/15,2.01,30736690,1.88,2.14,1.81
9/14/15,1.82,16452210,2,2,1.81
9/15/15,1.86,6520445,1.84,1.87,1.81
9/16/15,1.89,4926411,1.87,1.9,1.85
9/17/15,1.89,5824857,1.9,1.94,1.87
9/18/15,1.87,11798440,1.87,1.92,1.85
9/21/15,1.81,5374258,1.87,1.8969,1.81
9/22/15,1.73,9967075,1.8,1.8351,1.715
9/23/15,1.7,9641689,1.76,1.775,1.69
9/24/15,1.72,11244590,1.68,1.73,1.66
9/25/15,1.71,5599242,1.75,1.75,1.68
9/28/15,1.66,5485651,1.69,1.7,1.66
9/29/15,1.67,7004223,1.67,1.69,1.65
9/30/15,1.72,5737704,1.7,1.72,1.68
10/1/15,1.74,5514019,1.77,1.77,1.72
10/2/15,1.83,7138787,1.76,1.83,1.72
10/5/15,1.8,7595260,1.82,1.87,1.77
10/6/15,1.83,8663497,1.8,1.86,1.8
10/7/15,1.86,7858632,1.82,1.87,1.82
10/8/15,1.93,9197867,1.87,1.9475,1.85
10/9/15,1.96,8625861,1.92,1.96,1.89
10/12/15,1.87,7687701,1.96,1.96,1.85
10/13/15,1.92,6687943,1.87,1.94,1.86
10/14/15,1.95,10182280,1.92,1.96,1.92
10/15/15,1.97,27268150,1.97,2.06,1.95
10/16/15,1.94,21271000,2,2,1.89
10/19/15,2.01,10670660,1.91,2.01,1.91
10/20/15,2.02,5574769,2,2.03,1.97
10/21/15,2.1,14961000,2.02,2.12,2.01
10/22/15,2.14,8207419,2.1,2.16,2.09
10/23/15,2.21,9554983,2.1,2.21,2.1
10/26/15,2.15,6313499,2.21,2.21,2.12
10/27/15,2.15,5740686,2.12,2.16,2.1
10/28/15,2.18,6950462,2.14,2.2,2.12
10/29/15,2.13,4496887,2.15,2.18,2.11
10/30/15,2.12,4897116,2.14,2.15,2.12
11/2/15,2.19,5851132,2.13,2.19,2.11
11/3/15,2.28,8704415,2.16,2.29,2.16
11/4/15,2.2,8205318,2.27,2.3,2.18
11/5/15,2.2,4302179,2.21,2.24,2.17
11/6/15,2.15,8996145,2.19,2.21,2.13
11/9/15,2.11,6231234,2.15,2.18,2.1
11/10/15,2.02,6160923,2.09,2.1,2.02
11/11/15,2.07,3530645,2.02,2.09,2.02
11/12/15,2,3576405,2.05,2.07,2
11/13/15,1.99,5919891,1.99,2.04,1.94
11/16/15,1.99,4027291,1.99,2.02,1.95
11/17/15,1.98,5824909,2.01,2.04,1.97
11/18/15,2.12,8802107,1.99,2.15,1.98
11/19/15,2.14,4704259,2.1,2.16,2.09
11/20/15,2.22,10488010,2.14,2.25,2.13
11/23/15,2.22,4862634,2.22,2.24,2.18
11/24/15,2.34,15858610,2.2,2.4,2.17
11/25/15,2.38,6915033,2.36,2.395,2.31
11/27/15,2.33,2606577,2.37,2.38,2.32
11/30/15,2.36,9915362,2.34,2.37,2.25
12/1/15,2.34,5646342,2.36,2.37,2.31
12/2/15,2.27,7501680,2.31,2.335,2.23
12/3/15,2.23,7054734,2.25,2.31,2.2
12/4/15,2.28,4573578,2.23,2.29,2.21
12/7/15,2.355,8473616,2.26,2.36,2.21
12/8/15,2.39,9055612,2.34,2.4,2.25
12/9/15,2.35,8694560,2.37,2.4,2.32
12/10/15,2.45,13067020,2.36,2.5,2.33
12/11/15,2.36,11883770,2.41,2.47,2.36
12/14/15,2.34,7686052,2.36,2.39,2.3
12/15/15,2.36,7319550,2.35,2.43,2.32
12/16/15,2.54,19507030,2.39,2.55,2.365
12/17/15,2.56,11374070,2.52,2.6,2.52
12/18/15,2.45,17704860,2.51,2.55,2.42
12/21/15,2.53,6871914,2.47,2.53,2.43
12/22/15,2.77,24888570,2.55,2.78,2.54
12/23/15,2.83,30365170,2.76,2.94,2.75
12/24/15,2.92,11900890,2.88,3,2.86
12/28/15,3,16048590,2.91,3.02,2.86
12/29/15,3,15292210,3.04,3.06,2.97
12/30/15,2.98,10046410,2.99,3.04,2.93
12/31/15,2.87,11068230,2.97,3.01,2.87
1/4/16,2.77,32356640,2.77,2.82,2.63
1/5/16,2.75,12972230,2.77,2.8,2.64
1/6/16,2.505,23750860,2.66,2.71,2.47
1/7/16,2.275,22177700,2.43,2.48,2.26
1/8/16,2.14,31821770,2.36,2.425,2.1
1/11/16,2.34,19629310,2.16,2.36,2.12
1/12/16,2.39,17979540,2.4,2.46,2.28
1/13/16,2.25,12749290,2.4,2.45,2.21
1/14/16,2.21,15568560,2.29,2.35,2.21
1/15/16,2.03,21190630,2.1,2.13,1.99
1/19/16,1.95,18935550,2.08,2.11,1.9
1/20/16,1.8,29229490,1.81,1.95,1.75
1/21/16,2.09,26382930,1.82,2.18,1.81
1/22/16,2.02,16245520,2.11,2.17,1.98
1/25/16,2.12,13062930,2.01,2.15,2.01
1/26/16,2.07,11095350,2.14,2.15,2.03
1/27/16,2.13,10829200,2.08,2.18,2.07
1/28/16,2.08,7112022,2.16,2.17,2.07
1/29/16,2.2,11998040,2.09,2.2,2.07
2/1/16,2.14,8816117,2.17,2.19,2.11
2/2/16,1.99,11214710,2.11,2.14,1.96
2/3/16,2.07,9978131,2.04,2.075,1.95
2/4/16,2.09,8284518,2.06,2.17,2.03
2/5/16,1.98,7912421,2.06,2.075,1.98
2/8/16,1.93,11581740,1.97,1.98,1.87
2/9/16,1.9,14991010,1.89,1.995,1.85
2/10/16,1.84,9466004,1.92,1.98,1.83
2/11/16,1.86,7858282,1.82,1.94,1.81
2/12/16,1.83,9936910,1.89,1.91,1.82
2/16/16,1.83,11851210,1.86,1.9,1.82
2/17/16,1.9,13765170,1.85,1.94,1.85
2/18/16,1.91,10804010,1.93,1.98,1.9
2/19/16,1.91,7784114,1.93,1.93,1.83
2/22/16,2.01,9893691,1.94,2.04,1.925
2/23/16,1.97,6709579,2.04,2.06,1.97
2/24/16,2.02,6906231,1.98,2.04,1.93
2/25/16,2.03,5614299,2.02,2.04,1.98
2/26/16,2.07,7911456,2.04,2.1,2.03
2/29/16,2.14,11400320,2.06,2.15,2.05
3/1/16,2.18,9009785,2.16,2.2,2.12
3/2/16,2.32,10843670,2.2,2.33,2.18
3/3/16,2.46,22082140,2.32,2.55,2.295
3/4/16,2.37,15431290,2.42,2.5,2.34
3/7/16,2.47,8794854,2.36,2.47,2.36
3/8/16,2.3,10018100,2.44,2.46,2.3
3/9/16,2.26,13076610,2.32,2.35,2.2
3/10/16,2.26,9622544,2.29,2.31,2.15
3/11/16,2.52,21362570,2.29,2.54,2.29
3/14/16,2.72,33838770,2.53,2.75,2.5
3/15/16,2.49,21564540,2.67,2.69,2.45
3/16/16,2.63,12850070,2.5,2.64,2.49
3/17/16,2.8,28999640,2.77,2.81,2.7
3/18/16,2.93,26303210,2.8,2.93,2.77
3/21/16,2.8,13448710,2.9,2.9,2.75
3/22/16,2.79,10315300,2.73,2.85,2.71
3/23/16,2.68,10161830,2.8,2.825,2.68
3/24/16,2.79,10035960,2.69,2.81,2.62
3/28/16,2.78,7683731,2.81,2.84,2.73
3/29/16,2.86,13611540,2.74,2.88,2.7
3/30/16,2.86,14945710,2.88,2.98,2.85
3/31/16,2.85,9068395,2.84,2.88,2.8
4/1/16,2.83,8257526,2.79,2.88,2.76
4/4/16,2.83,5591035,2.83,2.87,2.8
4/5/16,2.76,9638433,2.76,2.84,2.72
4/6/16,2.8,12532990,2.75,2.8,2.72
4/7/16,2.64,13403710,2.76,2.83,2.61
4/8/16,2.74,8483296,2.7,2.76,2.68
4/11/16,2.76,9031849,2.76,2.82,2.74
4/12/16,2.81,16117070,2.79,2.85,2.76
4/13/16,2.8,8047970,2.78,2.82,2.73
4/14/16,2.72,8979330,2.77,2.79,2.7
4/15/16,2.7,7485518,2.72,2.75,2.68
4/18/16,2.76,8935556,2.67,2.8,2.65
4/19/16,2.62,11701290,2.78,2.78,2.61
4/20/16,2.7,7914238,2.62,2.72,2.61
4/21/16,2.62,13457330,2.65,2.7,2.6
4/22/16,3.99,143087900,3.19,3.99,3.18
4/25/16,3.45,80580780,3.81,3.82,3.31
4/26/16,3.66,36265690,3.45,3.75,3.44
4/27/16,3.73,24123980,3.55,3.75,3.53
4/28/16,3.61,20173350,3.69,3.8,3.6
4/29/16,3.55,17712050,3.69,3.69,3.45
5/2/16,3.74,16966920,3.58,3.75,3.57
5/3/16,3.6,13781440,3.7,3.71,3.58
5/4/16,3.6,8687477,3.54,3.67,3.54
5/5/16,3.66,21529470,3.64,3.8,3.605
5/6/16,3.68,11838240,3.65,3.75,3.64
5/9/16,3.65,16299370,3.66,3.68,3.45
5/10/16,3.64,9413073,3.66,3.68,3.56
5/11/16,3.65,7537126,3.61,3.68,3.6
5/12/16,3.59,9236210,3.65,3.68,3.55
5/13/16,3.67,16468240,3.56,3.73,3.55
5/16/16,3.79,14703790,3.67,3.85,3.65
5/17/16,3.79,20065840,3.8,3.98,3.69
5/18/16,3.84,19504420,3.79,3.97,3.77
5/19/16,3.77,17624020,3.83,3.85,3.69
5/20/16,3.87,13774400,3.83,3.9,3.81
5/23/16,4.04,35454680,3.9,4.2,3.88
5/24/16,4.2,34265660,4.09,4.21,3.92
5/25/16,4.18,24718920,4.24,4.35,4.15
5/26/16,4.35,22614570,4.19,4.38,4.17
5/27/16,4.6,34394040,4.39,4.63,4.37
5/31/16,4.57,25316020,4.67,4.71,4.5
6/1/16,4.43,29675440,4.6,4.64,4.38
6/2/16,4.24,35324690,4.37,4.4,4.07
6/3/16,4.16,17554780,4.16,4.2,4.08
6/6/16,4.47,21301450,4.2,4.51,4.17
6/7/16,4.51,20598900,4.56,4.67,4.47
6/8/16,4.46,16064990,4.54,4.56,4.38
6/9/16,4.52,16218510,4.41,4.54,4.315
6/10/16,4.32,15091610,4.4,4.47,4.3
6/13/16,4.4,13535210,4.32,4.48,4.32
6/14/16,4.39,16748840,4.4,4.51,4.33
6/15/16,4.42,11574240,4.44,4.48,4.3
6/16/16,4.75,34162050,4.5,4.75,4.455
6/17/16,5.26,64877400,4.75,5.27,4.68
6/20/16,5.1,43523000,5.39,5.45,5.09
6/21/16,5.45,35828650,5.1,5.5,5.09
6/22/16,5.02,47909030,5.46,5.52,4.96
6/23/16,5.21,29082970,5.17,5.26,5.05
6/24/16,4.88,36694080,4.82,5.0675,4.76
6/27/16,4.72,31105750,4.88,5.05,4.65
6/28/16,5.12,29160390,4.95,5.185,4.91
6/29/16,5.13,33081670,5.31,5.4,5.1
6/30/16,5.14,26091260,5.13,5.19,4.95
7/1/16,5.07,18200080,5.09,5.14,5
7/5/16,4.96,16327740,5.03,5.05,4.875
7/6/16,5.04,19388990,4.91,5.11,4.9
7/7/16,5.02,15772980,5.07,5.1,4.94
7/8/16,5.1,28117990,4.84,5.15,4.82
7/11/16,5.01,21009260,5.13,5.19,5
7/12/16,5.14,20823380,5.01,5.17,5.01
7/13/16,5.09,13987340,5.14,5.19,5.04
7/14/16,5.17,20038890,5.15,5.235,5.06
7/15/16,5.14,14169150,5.2,5.2,5.1
7/18/16,5.51,38589410,5.19,5.57,5.13
7/19/16,5.41,23418010,5.5,5.55,5.34
7/20/16,5.41,20097130,5.48,5.5,5.4
7/21/16,5.22,39520180,5.43,5.45,5.1
7/22/16,5.84,101819500,5.73,5.97,5.45
7/25/16,6.7,118273300,5.93,6.95,5.92
7/26/16,6.98,81172410,6.76,7.1599,6.71
7/27/16,6.85,38538500,6.93,6.98,6.68
7/28/16,6.82,27498120,6.79,6.98,6.735
7/29/16,6.86,22576780,6.88,6.96,6.75
8/1/16,6.64,26702130,6.89,6.92,6.57
8/2/16,6.26,40797280,6.56,6.6,6.15
8/3/16,6.3,23789750,6.18,6.45,6.15
8/4/16,6.47,22400200,6.39,6.61,6.37
8/5/16,6.61,20155210,6.56,6.76,6.47
8/8/16,6.68,21442770,6.7,6.85,6.65
8/9/16,6.6,16761580,6.75,6.78,6.54
8/10/16,6.49,29037190,6.35,6.58,6.25
8/11/16,6.58,13140610,6.5,6.59,6.46
8/12/16,6.73,25464680,6.6,6.79,6.55
8/15/16,6.95,28330880,6.79,6.97,6.78
8/16/16,6.78,26737720,6.94,6.94,6.65
8/17/16,6.68,13785060,6.7,6.75,6.61
8/18/16,7.04,30704860,6.74,7.07,6.725
8/19/16,7.62,75059970,7.24,8,7.22
8/22/16,7.58,41461470,7.83,7.95,7.37
8/23/16,7.67,27523800,7.66,7.74,7.53
8/24/16,7.43,22909510,7.67,7.67,7.37
8/25/16,7.465,16407060,7.49,7.49,7.2
8/26/16,7.67,31351740,7.49,7.8,7.46
8/29/16,7.59,16909330,7.72,7.79,7.57
8/30/16,7.49,16062950,7.61,7.64,7.41
8/31/16,7.4,18344870,7.52,7.52,7.28
9/1/16,7.35,22275730,7.18,7.44,7.09
9/2/16,7.51,18533130,7.49,7.64,7.38
9/6/16,7.34,24803060,7.56,7.6,7.25
9/7/16,6.84,57654100,7.05,7.07,6.78
9/8/16,6.225,90734570,6.64,6.65,6.15
9/9/16,5.9,170721100,6.23,6.24,5.85
9/12/16,5.94,77967340,5.83,6.065,5.77
9/13/16,5.74,50735660,5.92,5.95,5.66
9/14/16,6.04,64274840,5.75,6.0766,5.75
9/15/16,6.02,52713100,6.09,6.2,5.95
9/16/16,6.05,47800180,6.22,6.22,5.97
9/19/16,6.16,37833450,6.12,6.275,6.08
9/20/16,6.17,28983770,6.23,6.28,6.12
9/21/16,6.29,33436400,6.2,6.32,6.14
9/22/16,6.37,35800090,6.35,6.44,6.33
9/23/16,6.55,60987860,6.31,6.65,6.31
9/26/16,6.32,29859870,6.54,6.54,6.31
9/27/16,6.54,30026660,6.45,6.58,6.29
9/28/16,6.59,27866950,6.57,6.65,6.48
9/29/16,6.67,30632580,6.57,6.73,6.54
9/30/16,6.91,47445680,6.7,7.04,6.7
10/3/16,6.95,30439500,6.95,7.15,6.87
10/4/16,6.97,25745810,7,7.09,6.89
10/5/16,6.78,31212740,6.97,7.01,6.7
10/6/16,6.96,27049420,6.72,6.98,6.63
10/7/16,6.75,33050370,6.92,6.96,6.62
10/10/16,6.84,13766940,6.82,6.94,6.8
10/11/16,6.5,32469660,6.8,6.84,6.38
10/12/16,6.62,33575940,6.64,6.77,6.42
10/13/16,6.49,30396980,6.5,6.54,6.24
10/14/16,6.75,66892790,6.92,7.12,6.74
10/17/16,6.67,24204010,6.92,6.97,6.64
10/18/16,6.73,25179670,6.76,6.89,6.69
10/19/16,6.77,29364320,6.7,6.8,6.57
10/20/16,6.96,63892740,6.81,6.98,6.77
10/21/16,6.52,64204350,6.5,6.65,6.37
10/24/16,7.005,52974070,6.57,7.01,6.54
10/25/16,7.5,78807250,6.9,7.5,6.87
10/26/16,7.29,47599440,7.4,7.48,7.26
10/27/16,7.11,37679300,7.44,7.46,7.1
10/28/16,7.2,77242520,7.1,7.53,7.02
10/31/16,7.23,42324890,7.24,7.46,7.2
11/1/16,7.09,39879990,7.32,7.425,6.92
11/2/16,6.76,33787100,7.03,7.055,6.67
11/3/16,6.7,33643860,6.78,6.79,6.56
11/4/16,6.56,32194920,6.69,6.72,6.46
11/7/16,6.96,36971240,6.79,6.99,6.76
11/8/16,7,37610130,6.85,7.18,6.75
11/9/16,6.94,38472230,6.7,7.05,6.64
11/10/16,6.295,71563110,6.82,6.91,6.22
11/11/16,6.685,39482720,6.64,6.69,6.47
11/14/16,6.79,29579310,6.83,6.84,6.61
11/15/16,6.97,28829650,6.82,7.08,6.79
11/16/16,7.67,78023390,7.09,7.75,7.07
11/17/16,8.46,124134000,7.79,8.77,7.77
11/18/16,8.71,62296240,8.68,8.83,8.4
11/21/16,8.94,65516810,8.87,9.22,8.86
11/22/16,8.69,71173480,9.05,9.06,8.54
11/23/16,8.8,34598200,8.72,8.86,8.5
11/25/16,8.77,14214120,8.8,8.91,8.69
11/28/16,8.83,25742810,8.72,8.98,8.72
11/29/16,8.93,54755520,9,9.23,8.85
11/30/16,8.91,36459680,9.02,9.12,8.9
12/1/16,8.39,56570720,8.92,9.03,8.26
12/2/16,8.53,42360750,8.38,8.74,8.38
12/5/16,8.68,31381360,8.69,8.71,8.45
12/6/16,9.45,92134400,8.95,9.54,8.82
12/7/16,9.56,54850990,9.65,9.79,9.24
12/8/16,10.34,104504900,9.9,10.66,9.8
12/9/16,10.34,60536690,10.38,10.54,9.87
12/12/16,10.68,63255660,10.4,10.93,10.38
12/13/16,10.54,46660430,10.75,10.8,10.4
12/14/16,10.55,46878230,10.43,10.74,10.27
12/15/16,10.86,48842780,10.68,10.93,10.64
12/16/16,10.66,77525980,10.94,11.23,10.595
12/19/16,10.95,45999390,10.81,11,10.52
12/20/16,11.51,59184180,11.19,11.51,11.15
12/21/16,11.47,44688380,11.61,11.72,11.31
12/22/16,11.6,36015540,11.65,11.75,11.47
12/23/16,11.58,32232730,11.3,11.6,11.26
12/27/16,12.07,44168130,11.65,12.08,11.6
12/28/16,11.55,71072640,12.28,12.42,11.46
12/29/16,11.59,50180310,11.24,11.62,11.01
12/30/16,11.34,44033460,11.7,11.78,11.25
1/3/17,11.43,55114820,11.42,11.65,11.02
1/4/17,11.43,40742680,11.45,11.5204,11.235
1/5/17,11.24,38777380,11.43,11.69,11.23
1/6/17,11.32,34437560,11.29,11.49,11.11
1/9/17,11.49,37215840,11.37,11.64,11.31
1/10/17,11.44,29122540,11.55,11.63,11.33
1/11/17,11.2,39337330,11.39,11.41,11.15
1/12/17,10.76,75178900,10.98,11.0376,10.33
1/13/17,10.58,38344340,10.79,10.87,10.56
1/17/17,9.82,70388000,10.17,10.23,9.78
1/18/17,9.88,51705580,9.54,10.1,9.42
1/19/17,9.77,46087250,9.92,10.25,9.75
1/20/17,9.75,27936610,9.88,9.96,9.67
1/23/17,9.91,27848180,9.68,10.06,9.68
1/24/17,10.44,43858900,9.95,10.49,9.95
1/25/17,10.35,61800440,10.74,10.975,10.15
1/26/17,10.52,35779140,10.35,10.66,10.3
1/27/17,10.67,32563480,10.6,10.73,10.52
1/30/17,10.61,37648430,10.62,10.68,10.3
1/31/17,10.37,51993490,10.6,10.67,10.22
2/1/17,12.06,165784500,10.9,12.14,10.81
2/2/17,12.28,116246800,11.98,12.66,11.95
2/3/17,12.24,59981710,12.37,12.5,12.04
2/6/17,13.63,139921700,12.46,13.7,12.38
2/7/17,13.29,158507200,14.05,14.27,13.06
2/8/17,13.56,75894880,13.21,13.75,13.08
2/9/17,13.42,72826820,13.78,13.89,13.4
2/10/17,13.58,54522240,13.86,13.86,13.25
2/13/17,13.49,57231080,13.7,13.95,13.38
2/14/17,13.26,40436710,13.43,13.49,13.19
2/15/17,13.3,33655580,13.2,13.44,13.15
2/16/17,12.97,52403840,13.25,13.35,12.84
2/17/17,13.13,40831730,12.79,13.14,12.6
2/21/17,14,66250920,13.41,14.1,13.4
2/22/17,14.28,71394390,14.3,14.5,14.04
2/23/17,14.32,79900450,14.2,14.45,13.82
2/24/17,14.12,46130900,14,14.32,13.86
2/27/17,15.2,95126330,14.27,15.35,14.27
2/28/17,14.46,141638700,15.45,15.55,14.35
3/1/17,14.96,73311380,15.08,15.09,14.52
3/2/17,13.9,103970100,14.59,14.78,13.87
3/3/17,13.03,163489100,13.55,13.58,12.79
3/6/17,13.04,117044000,13,13.34,12.38
3/7/17,13.05,76518390,13.07,13.37,12.79
3/8/17,13.22,71231410,13.25,13.55,13.1
3/9/17,13.33,45122590,13.45,13.45,13.11
3/10/17,13.91,62426240,13.5,13.93,13.45
3/13/17,14.28,72917550,14.475,14.68,14.18
3/14/17,14.1,52355490,14,14.15,13.6401
3/15/17,13.98,55070770,14.03,14.06,13.62
3/16/17,13.65,44356700,13.79,13.88,13.65
3/17/17,13.49,224761700,13.62,13.74,13.36
3/20/17,14.4,91009110,13.68,14.5,13.54
3/21/17,13.82,72373080,14.4,14.49,13.78
3/22/17,14.1,61120500,13.7,14.145,13.55
3/23/17,13.79,44402540,13.96,14.115,13.77
3/24/17,13.7,50022400,14.16,14.18,13.54
3/27/17,13.7,42560780,13.35,13.78,13.21
3/28/17,13.69,37108080,13.75,13.86,13.55
3/29/17,13.71,37822400,13.74,13.87,13.63
3/30/17,14.05,43964720,13.73,14.05,13.65
3/31/17,14.55,84480730,14.1,14.75,14.01
4/3/17,14.64,48320200,14.6,14.74,14.3
4/4/17,14.16,58271440,14.31,14.67,14.03
4/5/17,14.17,58675610,14.28,14.64,14.1
4/6/17,13.27,139236400,13.42,13.46,12.83
4/7/17,13.52,70362040,13.33,13.68,13.22
4/10/17,13.1,47083720,13.52,13.59,13.04
4/11/17,13.1,59818640,13.02,13.29,12.71
4/12/17,12.76,37200530,12.94,13.1,12.74
4/13/17,12.31,53325260,12.505,12.72,12.22
4/17/17,12.79,38093970,12.53,12.8,12.37
4/18/17,12.95,37128380,12.63,12.97,12.58
4/19/17,12.84,36252160,13.09,13.205,12.8
4/20/17,13.11,41939040,12.98,13.15,12.88
4/21/17,13,25516800,13.08,13.12,12.9
4/24/17,13.13,36090980,13.23,13.23,13.045
4/25/17,13.49,35795170,13.24,13.525,13.16
4/26/17,13.41,36606250,13.42,13.53,13.22
4/27/17,13.62,31123270,13.43,13.7,13.37
4/28/17,13.3,50248290,13.73,13.755,13.16
5/1/17,13.62,63863980,13.43,13.63,13.25
5/2/17,10.32,267432900,11.73,11.76,10.3
5/3/17,10.39,140835000,10.29,10.68,9.85
5/4/17,10.1,76962220,10.55,10.55,9.94
5/5/17,10.19,51704530,10.13,10.26,9.94
5/8/17,10.04,35068930,10.22,10.22,10
5/9/17,10.18,49726280,10.04,10.4,10.04
5/10/17,10.79,65893570,10.455,10.85,10.45
5/11/17,11.07,72878010,10.74,11.26,10.51
5/12/17,11.26,55993720,11.2,11.4,11.08
5/15/17,11.42,52468570,11.41,11.6,11.3
5/16/17,12.75,160810600,11.66,12.77,11.63
5/17/17,11.2,159885600,11.81,12.2855,11.16
5/18/17,11.275,86807510,10.99,11.49,10.81
5/19/17,11.41,50232860,11.47,11.62,11.35
5/22/17,11.04,78616820,11.49,11.55,10.77
5/23/17,10.89,49703970,10.97,11.055,10.62
5/24/17,10.89,42949280,11.05,11.06,10.71
5/25/17,10.98,33492590,11.01,11.01,10.8
5/26/17,11,31853380,10.85,11.02,10.74
5/30/17,11.12,35269030,10.95,11.27,10.9
5/31/17,11.19,42903690,11.29,11.49,11.1
6/1/17,10.93,47931740,11.25,11.285,10.81
6/2/17,10.9,43009550,10.93,10.96,10.565
6/5/17,11.24,66145900,10.84,11.34,10.8
6/6/17,12.03,114578700,11.27,12.24,11.24
6/7/17,12.38,150667100,12.42,12.96,12.2348
6/8/17,12.9,89209870,12.81,12.91,12.4
6/9/17,12.28,167229800,13.1,13.4,11.63
6/12/17,12.09,125590800,11.75,12.35,11.27
6/13/17,11.96,87162690,12.33,12.48,11.67
6/14/17,11.77,51670440,11.91,12.05,11.65
6/15/17,11.5,61368550,11.34,11.58,11.21
6/16/17,11.44,59671780,11.66,11.83,11.28
6/19/17,11.93,61620470,11.63,12.12,11.62
6/20/17,12.64,117641600,12.19,12.93,12.18
6/21/17,13.98,188263500,13.36,14.01,13.13
6/22/17,14.38,149051300,14.1,14.5,13.56
6/23/17,14.17,200262900,14.15,14.67,13.9
6/26/17,14.08,100449300,14.39,14.49,13.84
6/27/17,13.4,89113140,13.76,14.04,13.37
6/28/17,13.23,84962280,13.65,13.7,13.09
6/29/17,12.6,87268080,13.06,13.15,12.45
6/30/17,12.48,59175870,12.57,12.83,12.36
7/3/17,12.15,39929100,12.57,12.73,12.13
7/5/17,13.19,99157210,12.36,13.21,12.32
7/6/17,13.02,88800030,12.94,13.32,12.665
7/7/17,13.36,88121390,13.27,13.745,13.18
7/10/17,13.81,78224060,13.61,13.88,13.27
7/11/17,13.89,70990560,13.77,14.099,13.62
7/12/17,14.29,78290100,14.17,14.39,13.96
7/13/17,13.53,111407400,14.33,14.49,13.43
7/14/17,13.92,82000300,13.46,13.93,13.32
7/17/17,13.8,71634170,14.03,14.12,13.51
7/18/17,13.48,78173280,13.29,13.53,13.15
7/19/17,13.55,51850750,13.62,13.74,13.41
7/20/17,13.8,47504460,13.61,13.89,13.45
7/21/17,13.88,50971930,13.7,14.05,13.62
7/24/17,14.16,70752040,14,14.44,13.97
7/25/17,14.11,92517550,14.29,14.32,13.87
7/26/17,14.76,235590000,15.13,15.65,14.4
7/27/17,14.12,130072800,14.99,15.04,13.7
7/28/17,13.95,66561270,13.845,14.1,13.68
7/31/17,13.61,68989860,14.09,14.22,13.47
8/1/17,13.71,48878440,13.72,13.86,13.45
8/2/17,13.37,67313440,13.81,13.93,13.12
8/3/17,13.24,52390000,13.42,13.52,13.08
8/4/17,13.12,64084020,13.2,13.36,13.02
8/7/17,13.43,57354860,13.33,13.57,13.27
8/8/17,13.11,46944630,13.48,13.55,13.08
8/9/17,12.83,58777060,12.76,12.89,12.54
8/10/17,12.12,82513300,12.7,12.92,12.11
8/11/17,12.23,63432560,12.04,12.39,11.88
8/14/17,12.76,64296850,12.58,12.845,12.58
8/15/17,13.02,57802470,13.01,13.14,12.75
8/16/17,12.63,64491210,13.17,13.19,12.52
8/17/17,12.34,47219890,12.46,12.65,12.32
8/18/17,12.37,37456460,12.43,12.555,12.25
8/21/17,12.05,58786300,12.42,12.42,11.86
8/22/17,12.17,38946780,12.2,12.33,12.1
8/23/17,12.48,44193270,12,12.535,11.95
8/24/17,12.5,37161680,12.69,12.71,12.39
8/25/17,12.43,29650370,12.51,12.57,12.25
8/28/17,12.23,35326790,12.53,12.55,12.16
8/29/17,12.15,33500250,12,12.18,11.93
8/30/17,12.67,43798290,12.19,12.68,12.16
8/31/17,13,51532900,12.82,13.16,12.79
9/1/17,13.19,53073420,13.12,13.485,13.04
9/5/17,12.92,51472280,12.88,13.18,12.65
9/6/17,12.86,33989840,13.02,13.08,12.75
9/7/17,12.63,35711620,12.84,12.94,12.6
9/8/17,12.25,60714580,12.571,12.61,12.035
9/11/17,12.55,43183050,12.46,12.74,12.4001
9/12/17,12.3,54305240,12.66,12.68,12.213
9/13/17,12.22,37098230,12.22,12.36,12.12
9/14/17,12.26,37006760,12.15,12.46,12.11
9/15/17,12.52,50200410,12.33,12.66,12.31
9/18/17,13.08,83040320,12.77,13.3,12.74
9/19/17,13.12,65299220,13.25,13.29,12.88
9/20/17,13.74,96500450,13.07,13.8,12.8
9/21/17,13.41,166270300,14,14.24,13.32
9/22/17,13.3,50224570,13.2,13.4,13.12
9/25/17,12.61,83880060,13.25,13.28,12.49
9/26/17,12.45,68107920,12.85,12.93,12.43
9/27/17,12.74,59777410,12.65,12.87,12.5
9/28/17,12.74,35744970,12.76,12.84,12.55
9/29/17,12.75,33723630,12.765,12.82,12.6
10/2/17,12.71,34399110,12.8,12.85,12.62
10/3/17,13.42,84929460,12.73,13.48,12.7
10/4/17,13.31,42164720,13.31,13.5,13.15
10/5/17,13.34,34590210,13.38,13.46,13.21
10/6/17,13.23,28107190,13.22,13.39,13.18
10/9/17,13.47,53875890,13.26,13.83,13.26
10/10/17,13.7,43200630,13.72,13.79,13.44
10/11/17,13.88,38481230,13.62,13.96,13.61
10/12/17,14.2,69522200,13.85,14.37,13.81
10/13/17,14.22,37315850,14.32,14.41,14.12
10/16/17,14.26,34063350,14.25,14.35,14.12
10/17/17,14.16,28891590,14.24,14.345,14.135
10/18/17,14.07,38941260,14.2,14.279,13.76
10/19/17,13.95,33721630,13.85,14.04,13.69
10/20/17,13.81,32448020,14.03,14.09,13.8
10/23/17,14.1,49695740,13.94,14.19,13.8999
10/24/17,14.25,78891200,14.2,14.36,14.15
10/25/17,12.33,166405700,12.95,13.13,12.29
10/26/17,12.005,87296580,12.45,12.46,12
10/27/17,11.84,115511000,12.17,12.19,11.35
10/30/17,10.89,137433400,11.255,11.42,10.65
10/31/17,10.985,78475980,10.76,11.31,10.69
11/1/17,10.8,66738370,11.25,11.29,10.72
11/2/17,10.85,47849240,10.87,10.99,10.66
11/3/17,11.12,44158040,10.95,11.13,10.82
11/6/17,11.93,96003560,12.04,12.09,11.64
11/7/17,12.05,67768030,11.94,12.27,11.92
11/8/17,11.71,58724490,11.94,11.95,11.51
11/9/17,11.12,76527680,11.25,11.35,11.03
11/10/17,11.26,50138710,11.22,11.43,11.115
11/13/17,11.09,54003220,11.18,11.2,10.92
11/14/17,11.12,37195820,11.03,11.26,11
11/15/17,11.07,33422450,11.01,11.13,10.77
11/16/17,11.25,31743120,11.13,11.32,11.13
11/17/17,11.38,56706930,11.3,11.75,11.28
11/20/17,11.34,35873840,11.47,11.505,11.19
11/21/17,11.4,31799300,11.421,11.49,11.24
11/22/17,11.37,23784300,11.41,11.49,11.3
11/24/17,11.38,11035760,11.38,11.42,11.3
11/27/17,11.55,41766090,11.34,11.74,11.3358
11/28/17,11.17,65215400,11.45,11.54,11
11/29/17,10.83,63241920,11.08,11.17,10.73
11/30/17,10.89,43105690,10.87,11.03,10.76
12/1/17,10.73,42079680,10.81,10.97,10.53
12/4/17,10.03,97133350,10.85,10.86,9.82
12/5/17,9.91,67167770,9.89,10.34,9.7
12/6/17,10,38592990,9.9,10.05,9.71
12/7/17,10.04,32532050,10.071,10.19,9.95
12/8/17,9.94,34834780,10.15,10.2,9.92
12/11/17,10.16,29898330,9.97,10.16,9.96
12/12/17,9.9,36120990,10.13,10.14,9.88
12/13/17,10.11,41379990,9.97,10.21,9.95
12/14/17,10.13,28970230,10.1,10.17,9.96
12/15/17,10.29,45424770,10.13,10.32,10.02
12/18/17,10.98,63690700,10.6,11,10.51
12/19/17,10.95,43674640,11,11.19,10.87
12/20/17,10.98,31370190,11.1,11.18,10.8
12/21/17,10.89,21839960,10.98,11.0793,10.87
12/22/17,10.54,50679050,10.75,10.77,10.2
12/26/17,10.46,20411300,10.38,10.579,10.34
12/27/17,10.53,22851820,10.45,10.74,10.4
12/28/17,10.55,18542550,10.57,10.64,10.43
12/29/17,10.28,26607910,10.57,10.58,10.27
1/2/18,10.98,43830470,10.42,11.02,10.34
1/3/18,11.55,153162800,11.61,12.14,11.36
1/4/18,12.12,109288400,12.095,12.43,11.97
1/5/18,11.88,63635850,12.19,12.22,11.66
1/8/18,12.28,63143340,12.01,12.3,11.85
1/9/18,11.82,62426620,12,12.02,11.71
1/10/18,11.96,52335790,11.63,12.15,11.56
1/11/18,12.14,37051170,12.07,12.19,11.9001
1/12/18,12.02,46991180,11.82,12.07,11.8
1/16/18,11.91,41879890,12.05,12.2,11.8
1/17/18,12.18,38917310,11.9,12.19,11.82
1/18/18,12.47,62003200,12.18,12.68,12.15
1/19/18,12.59,46279510,12.56,12.88,12.54
1/22/18,12.65,34649300,12.61,12.74,12.37
1/23/18,12.94,46348240,12.82,12.995,12.76
1/24/18,12.71,41857520,13.02,13.05,12.6
1/25/18,12.41,42555860,12.78,12.94,12.32
1/26/18,12.95,43709320,12.7,12.95,12.62
1/29/18,13.32,66232190,13.13,13.47,13.05
1/30/18,12.87,87660690,13.12,13.27,12.69
1/31/18,13.74,140571100,13.24,13.85,13.15
2/1/18,13.25,67171010,13.62,13.84,13.21
2/2/18,12.45,79195600,13.05,13.06,12.43
2/5/18,11.57,116095400,12.05,12.18,10.93
2/6/18,11.65,86285130,11.04,11.74,11
2/7/18,11.6,55582730,11.7,11.9,11.53
2/8/18,11.22,56168660,11.72,11.85,11.21
2/9/18,11.31,85316260,11.54,11.57,10.63
2/12/18,11.68,62932090,11.47,11.8,11.43
2/13/18,11.78,32379740,11.6,11.82,11.53
2/14/18,12.2,51695890,11.72,12.31,11.63
2/15/18,12.19,57714520,12.4,12.625,12.07
2/16/18,11.82,47240490,12.11,12.225,11.82
2/20/18,12.02,46848120,11.72,12.19,11.71
2/21/18,11.72,40069650,12.12,12.12,11.72
2/22/18,11.84,37824310,11.82,11.995,11.63
2/23/18,12.07,33161500,11.95,12.16,11.94
2/26/18,12.42,42103360,12.14,12.43,12.05
2/27/18,12.53,55817200,12.43,12.88,12.39
2/28/18,12.11,43293160,12.66,12.73,12.1
3/1/18,11.9,62981050,12.26,12.27,11.66
3/2/18,11.81,57956290,11.67,11.93,11.43
3/5/18,11.91,43673270,11.69,12.055,11.61
3/6/18,11.76,45831700,12.01,12.045,11.71
3/7/18,12.24,127314100,11.58,12.82,11.55
3/8/18,11.97,75963420,12.395,12.59,11.74
3/9/18,11.7,89440590,12.03,12.0392,11.58
3/12/18,11.52,83545210,11.76,11.82,11.48
3/13/18,11.64,174114400,11.5,12.035,11.095
3/14/18,11.36,80209850,11.7,11.72,11.26
3/15/18,11.46,63112840,11.43,11.55,11.19
3/16/18,11.47,37538020,11.49,11.55,11.32
3/19/18,11.43,53221710,11.41,11.74,11.351
3/20/18,11.11,64888650,11.41,11.52,11
3/21/18,11.26,44650310,11.16,11.34,11.11
3/22/18,10.91,59811510,11.1,11.26,10.85
3/23/18,10.63,54759180,10.91,10.97,10.57
3/26/18,10.44,75688790,10.71,10.8,10.18
3/27/18,10,68458540,10.51,10.59,9.9
3/28/18,9.81,64698640,9.99,10.1689,9.79
3/29/18,10.05,48585690,9.94,10.08,9.81
4/2/18,9.53,64737130,9.99,10.14,9.51
4/3/18,9.55,54856380,9.63,9.77,9.3
4/4/18,9.77,67067670,9.08,9.81,9.04
4/5/18,10.02,65373470,10.05,10.2,9.91
4/6/18,9.61,51021630,9.83,10.1,9.5
4/9/18,9.53,38237650,9.75,9.84,9.52
4/10/18,9.98,42889140,9.75,10.04,9.71
4/11/18,9.82,28994160,9.87,10.03,9.79
4/12/18,10.08,47715150,9.98,10.1,9.82
4/13/18,9.93,38889900,10.2,10.22,9.88
4/16/18,10.09,28771670,10,10.17,9.9
4/17/18,10.52,45204700,10.28,10.53,10.2
4/18/18,10.36,42247940,10.51,10.65,10.33
4/19/18,10.11,57742160,10.18,10.3284,9.99
4/20/18,9.99,38868090,10.05,10.14,9.95
4/23/18,10.04,42906640,10.09,10.19,9.97
4/24/18,10.09,44886420,10.19,10.35,9.95
4/25/18,9.71,85940620,10.06,10.09,9.56
4/26/18,11.04,144894800,10.87,11.19,10.61
4/27/18,11.11,74265930,11.2,11.36,11.02
4/30/18,10.88,50529070,11.055,11.14,10.87
5/1/18,11.13,43360090,10.83,11.15,10.77
5/2/18,10.97,29193300,11.1,11.155,10.97
5/3/18,10.93,33257430,10.902,11.06,10.83
5/4/18,11.28,47803850,10.88,11.29,10.8701
5/7/18,11.59,53940250,11.32,11.68,11.3
5/8/18,11.61,35163600,11.49,11.66,11.4
5/9/18,11.95,49500430,11.65,11.98,11.57
5/10/18,12.13,49269010,11.98,12.18,11.95
5/11/18,11.95,43841960,11.89,12.03,11.69
5/14/18,12.23,50149830,12.14,12.36,12.11
5/15/18,12.45,44074970,12.18,12.46,12.16
5/16/18,12.82,73308040,12.64,12.98,12.62
5/17/18,12.82,38051070,12.79,12.9,12.66
5/18/18,13,53973530,13.06,13.26,12.91
5/21/18,12.99,49530040,13.25,13.31,12.88
5/22/18,12.98,43211680,13,13.14,12.71
5/23/18,13.1,44440810,12.93,13.18,12.9
5/24/18,13.41,47324440,13.06,13.43,13.03
5/25/18,13.54,43797830,13.4,13.72,13.36
5/29/18,13.36,39402110,13.45,13.63,13.26
5/30/18,13.82,58109590,13.48,13.95,13.48
5/31/18,13.73,46699110,13.74,13.93,13.69
6/1/18,14.4,71452360,13.98,14.4,13.92
6/4/18,14.85,74382450,14.76,14.98,14.52
6/5/18,14.85,56008480,14.85,14.9185,14.63
6/6/18,15.67,96957660,15.07,15.74,15.04
6/7/18,14.89,99561050,15.83,15.97,14.85
6/8/18,15.25,81834940,14.52,15.33,14.31
6/11/18,15.73,80610500,15.21,15.89,15.01
6/12/18,15.85,66691810,15.84,15.95,15.43
6/13/18,16.32,89738020,15.81,16.52,15.78
6/14/18,16.25,112862500,16.62,16.79,15.58
6/15/18,16.34,77526520,16.06,16.52,15.82
6/18/18,17.11,103906800,16.18,17.34,16.13
6/19/18,16.69,92438260,16.85,17.29,16.31
6/20/18,16.52,76161740,16.83,17.13,16.37
6/21/18,15.65,95440270,16.65,16.87,15.46
6/22/18,15.8,59200310,15.78,15.91,15.56
6/25/18,15.11,94289130,15.64,15.74,14.54
6/26/18,15.5,54113220,15.32,15.6,15.1
6/27/18,14.97,55904660,15.65,15.76,14.96
6/28/18,15.31,48655280,14.85,15.36,14.75
6/29/18,14.99,41410390,15.41,15.49,14.98
7/2/18,15.16,43311830,14.8,15.18,14.74
7/3/18,15,32094030,15.21,15.34,14.96
7/5/18,15.5,40538700,15.13,15.5,15.02
7/6/18,16.36,65039470,15.52,16.39,15.48
7/9/18,16.61,58455450,16.73,16.84,16.17
7/10/18,16.55,36698850,16.59,16.65,16.31
7/11/18,16.27,42439080,16.15,16.53,16.02
7/12/18,16.56,44077820,16.41,16.79,16.38
7/13/18,16.27,40607950,16.68,16.69,16.22
7/16/18,16.58,64916850,16.42,17,16.41
7/17/18,16.87,42185430,16.5,16.88,16.48
7/18/18,16.85,40791720,16.94,16.99,16.55
7/19/18,16.71,41147930,16.71,16.88,16.55
7/20/18,16.5,42867630,16.66,16.88,16.44
7/23/18,16.66,44866840,16.47,16.68,15.895
7/24/18,16.19,58080570,16.75,16.86,16.11
7/25/18,16.05,80578490,16.3,16.39,15.72
7/26/18,18.35,190642900,17.16,18.45,16.83
7/27/18,18.94,161643700,19.07,19.88,18.31
7/30/18,19.42,160260900,19.4,20.18,19.31
7/31/18,18.33,118105600,19.35,19.5,18.27
8/1/18,18.48,75305700,18.34,18.95,18.32
8/2/18,18.79,52758040,18.17,18.83,18
8/3/18,18.49,53062330,18.94,19.0566,18.37
8/6/18,19.43,83336110,18.89,19.44,18.46
8/7/18,19.56,72507680,19.53,19.71,19.08
8/8/18,19.58,51958490,19.46,19.77,19.255
8/9/18,19.1,46385180,19.58,19.71,19.08
8/10/18,19.06,65652850,19.09,19.48,18.85
8/13/18,19.73,81226280,19.16,19.93,19.12
8/14/18,20.02,88892330,19.97,20.28,19.63
8/15/18,19.7,86157320,19.86,20.1,19.2
8/16/18,19.33,69361230,19.86,20.07,19.25
8/17/18,19.77,60507310,19.12,19.82,18.73
8/20/18,19.98,62883850,19.79,20.08,19.35
8/21/18,20.4,54828680,19.98,20.415,19.86
8/22/18,20.9,61849990,20.28,20.92,20.21
8/23/18,22.29,111741600,21.19,22.32,21.14
8/24/18,23.98,163473500,22.91,24,22.67
8/27/18,25.26,323844500,24.94,27.3,24.6261
8/28/18,25.05,215300400,25.51,26.18,24.04
8/29/18,25.2,142838100,24.36,25.41,24.01
8/30/18,24.89,103310600,25.29,25.67,24.76
8/31/18,25.17,65013800,24.89,25.24,24.72
9/4/18,28.06,191535000,25.62,28.11,25.5675
9/5/18,28.51,256903900,29.41,29.94,26.84
9/6/18,27.84,143349900,28.12,28.58,27.19
9/7/18,27.38,123108000,26.96,28.27,26.8
9/10/18,29.89,161809900,28.15,29.925,27.84
9/11/18,30.1,159043200,30.02,30.59,29.37
9/12/18,32.21,196501400,29.91,32.29,29.45
9/13/18,30.48,302743600,33.16,34.14,29.87
9/14/18,32.72,217312000,31.43,33.09,30.54
9/17/18,32.43,179847400,31.75,33.23,31.6
9/18/18,31.93,176268000,32.99,33.37,31.2
9/19/18,31.21,123939700,31.52,31.83,30.51
9/20/18,31.18,122652200,32.1,32.2,30.64
9/21/18,31.02,129260500,31.19,32.42,30.91
9/24/18,32.61,117777200,31.13,32.65,30.91
9/25/18,32.57,118275300,33.18,33.6,32.19
9/26/18,32.19,79114970,32.4,32.6,31.72
9/27/18,32.59,87619620,31.86,32.63,31.39
9/28/18,30.89,165268800,32.24,32.78,29.98
10/1/18,31.42,94623810,30.69,31.91,30.25
10/2/18,29.02,144627000,30.73,30.82,28.65
10/3/18,28.43,189940600,29.035,29.22,26.54
10/4/18,27.78,95743030,27.99,28.83,27.37
10/5/18,27.35,87541090,28.07,28.47,26.93
10/8/18,26.46,103591300,26.73,27.54,25.96
10/9/18,27.24,105135000,26.15,27.71,26
10/10/18,25,146250000,27.38,27.4,24.91
10/11/18,25.3,146516800,24.74,26.2,24.55
10/12/18,26.34,110862700,26.77,26.9697,25.67
10/15/18,26.26,70325660,26.38,26.77,25.75
10/16/18,28.18,92170210,26.63,28.23,26.17
10/17/18,27.3,89300800,28.41,28.53,26.9199
10/18/18,26.62,79456530,27.08,27.75,26.4
10/19/18,23.66,130523600,27.03,27.1,23.6
10/22/18,25.03,113831100,24.46,25.64,24.0901
10/23/18,25.09,101347900,24.18,25.26,23.85
10/24/18,22.79,125703600,25.04,25.1,22.75
10/25/18,19.27,188496800,17.92,20.15,17.72
10/26/18,17.63,119447300,18.49,18.78,17.05
10/29/18,16.85,94204080,18.21,18.23,16.27
10/30/18,17.2,98693880,16.38,17.24,16.17
10/31/18,18.21,110330500,17.87,18.34,17.12
11/1/18,20.22,136010400,18.41,20.33,18.08
11/2/18,20.23,123512800,20.59,21.06,19.47
11/5/18,19.9,107776700,20.12,20.18,18.88
11/6/18,20.68,144761700,19.5,21.65,19.48
11/7/18,21.84,120899500,21.42,22.2235,21.07
11/8/18,21.2,92265540,21.77,22.08,20.97
11/9/18,21.03,85769210,20.77,21.19,20.11
11/12/18,19.03,95665980,20.68,20.85,18.8
11/13/18,19.61,75852920,19.28,20.02,18.97
11/14/18,20.81,106138800,20.18,21.11,19.7599
11/15/18,21.49,96460050,20.72,21.77,20.42
11/16/18,20.66,112179200,19.87,20.97,19.72
11/19/18,19.11,93169460,20.4,20.59,19.09
11/20/18,19.21,109673200,17.4,19.58,17.18
11/21/18,18.73,81455560,20.05,20.31,18.5
11/23/18,19.38,54611300,18.61,19.83,18.56
11/26/18,20.08,82892900,19.96,20.19,19.1101
11/27/18,21.05,118771800,19.77,21.45,19.73
11/28/18,21.34,134198200,21.82,21.88,20.18
11/29/18,21.43,79662780,21.19,21.61,20.73
11/30/18,21.3,82106130,21.3,21.36,20.52
12/3/18,23.71,139093500,22.48,23.75,22.37
12/4/18,21.12,127013600,23.35,23.42,21.07
12/6/18,21.3,103133300,20.22,21.41,20.06
12/7/18,19.46,105527100,21.3,21.3799,19.17
12/10/18,19.99,77641220,19.35,20.13,19.27
12/11/18,19.98,87817520,20.71,21.14,19.69
12/12/18,20.48,100056400,20.32,21.02,19.71
12/13/18,19.86,87940320,20.63,20.865,19.76
12/14/18,19.9,84614800,19.58,20.7,19.52
12/17/18,18.83,115048600,20.01,20.025,18.635
12/18/18,19.5,101088300,19.15,19.84,18.88
12/19/18,18.16,120303700,19.44,19.72,18
12/20/18,17.94,119056000,18.11,18.86,17.34
12/21/18,16.93,129562600,18.12,18.34,16.76
12/24/18,16.65,62933130,16.52,17.2199,16.37
12/26/18,17.9,108498500,16.88,17.91,16.03
12/27/18,17.49,110853500,17.43,17.74,16.44
12/28/18,17.82,108590900,17.53,18.31,17.135
12/31/18,18.46,84461870,18.15,18.5101,17.85
1/2/19,18.83,86497360,18.01,19,17.98
1/3/19,17.05,117014500,18.42,18.68,16.94
1/4/19,19,111510800,17.55,19.07,17.43
1/7/19,20.57,106684100,19.44,20.68,19
1/8/19,20.75,117593000,21.19,21.2,19.68
1/9/19,20.19,163680500,20.89,21.44,20.07
1/10/19,19.74,115286200,19.76,19.8342,18.9
1/11/19,20.27,84972130,19.47,20.35,19.19
1/14/19,20.23,71053050,19.96,20.62,19.75
1/15/19,20.38,62548940,20.44,20.68,20.26
1/16/19,19.73,70533680,20.4,20.54,19.71
1/17/19,20.25,84502560,19.49,20.51,19.02
1/18/19,20.77,87971230,20.37,21.05,20.02
1/22/19,19.76,78292580,20.48,20.9199,19.7
1/23/19,19.8,77542570,20.03,20.48,19.55
1/24/19,20.85,96329090,20.06,21.01,20.04
1/25/19,21.93,110161400,20.99,22.03,20.79
1/28/19,20.18,134743600,20.315,21.01,20.02
1/29/19,19.25,126418900,20.26,20.39,19.05
1/30/19,23.09,210777100,21.49,23.13,21.37
1/31/19,24.41,181877200,23.02,25.14,22.83
2/1/19,24.51,105173100,24.61,24.84,24.065
2/4/19,24.13,69846670,24.43,24.66,24.07
2/5/19,23.31,121159200,23.42,23.86,22.98
2/6/19,23.26,78457780,23.63,24.14,23.22
2/7/19,22.67,86449170,22.99,23.22,22.32
2/8/19,23.05,77101180,22.33,23.28,22.27
2/11/19,22.96,60387870,23.05,23.2827,22.66
2/12/19,22.82,67318410,23.43,23.56,22.75
2/13/19,22.85,57294230,22.98,23.24,22.7138
2/14/19,23.13,63934490,22.74,23.37,22.59
2/15/19,23.68,78499180,23.58,24.05,23.2
2/19/19,23.95,57323750,23.625,24.405,23.605
2/20/19,23.95,56690950,24.14,24.37,23.9
2/21/19,23.92,49488120,24.04,24.33,23.85
2/22/19,24.36,52444420,24.05,24.36,23.88
2/25/19,24.71,62932710,25.01,25.52,24.68
2/26/19,24.21,44622530,24.65,24.72,24.15
2/27/19,23.48,62265120,24.11,24.2299,23.21
2/28/19,23.53,38578940,23.21,23.67,23.11
3/1/19,23.68,45049370,23.97,24.19,23.45
3/4/19,23.37,47986840,23.89,24.13,23.01
3/5/19,23.5,35300270,23.34,23.68,23.01
3/6/19,22.41,60328940,23.47,23.53,22.4
3/7/19,22.08,51971070,22.33,22.4101,21.73
3/8/19,22.01,49856070,21.35,22.085,21.035
3/11/19,22.96,54114630,22.15,23.075,21.98
3/12/19,23.49,56261330,23.1,23.795,22.78
3/13/19,23.38,56399350,23.66,24.15,23.35
3/14/19,22.82,42707330,23.37,23.49,22.8
3/15/19,23.29,46445110,23.1,23.65,23.01
3/18/19,23.25,34636110,23.3,23.62,23.04
3/19/19,26,154214600,23.6,26.08,23.59
3/20/19,25.7,150947000,26.49,26.88,25.31
3/21/19,27.89,127895100,25.78,28.11,25.71
3/22/19,26.37,114991600,27.54,27.75,26.33
3/25/19,25.97,78295460,26.29,26.99,25.54
3/26/19,25.69,75291650,26.69,26.98,25.46
3/27/19,24.89,88468390,25.7,25.88,24.55
3/28/19,25.06,64508920,25.1,25.56,24.65
3/29/19,25.52,53314640,25.58,25.73,25.25
4/1/19,26.36,62824700,26.42,26.555,25.83
4/2/19,26.75,52823610,26.51,26.8,26.09
4/3/19,29.02,197043700,28.02,29.9498,27.88
4/4/19,29.09,82049300,28.88,29.385,28.61
4/5/19,28.98,65521490,29.64,29.69,28.8
4/8/19,28.53,57868370,28.69,28.95,28.18
4/9/19,27.24,75260050,28.24,28.38,27.19
4/10/19,27.83,64160940,27.46,28.12,27.32
4/11/19,27.79,44616360,27.81,28.05,27.46
4/12/19,27.85,40957900,28.21,28.38,27.66
4/15/19,27.33,40739300,27.8,27.84,26.96
4/16/19,27.93,47212740,27.72,28.18,27.49
4/17/19,27.49,48154690,28.21,28.27,27.22
4/18/19,27.68,39814790,27.6,27.88,27.34
4/22/19,28.18,36400850,27.62,28.23,27.39
4/23/19,27.97,41583740,28.18,28.49,27.79
4/24/19,28.46,51487330,28.1,28.85,27.93
4/25/19,27.66,56709000,28.67,28.86,27.36
4/26/19,27.88,48736860,27.66,27.9,27.05
4/29/19,27.69,44265600,27.9,28.14,27.5